Tenant_id,source_system,client_batch_ref,client_payout_ref,invoice_id,voucher_id,ledger_name,vendor_id,vendor_name,beneficiary_name,beneficiary_account_number,beneficiary_ifsc,beneficiary_vpa,amount,currency,payment_method,rail_hint,payout_purpose,scheduled_execution_at,expected_value_date,bank_account_ref,approval_ref,idempotency_key,remarks,pan_number,mcc_code
TENANT_001,Razorpay,LEAK_BATCH_013__94ea3580,LEAK_BATCH_013_PAY_0001,INV-10430,VOUCH-10430,Operating_Ledger,VEND-5430,Deepak Mehra,Deepak Mehra,6.22262E+11,BARB0197722,,2604.006,INR,BANK_TRANSFER,IMPS,payout,2026-06-27 13:10:00,2026-06-27,leak_batch_013-0001-bank,leak_batch_013-0001-approval,leak_batch_013-0001-idemp,Generated leakage training batch LEAK_BATCH_013,WHZFL3847Z,7924
TENANT_001,Razorpay,LEAK_BATCH_013__94ea3580,LEAK_BATCH_013_PAY_0002,INV-11780,VOUCH-11780,Operating_Ledger,VEND-6780,Amit Sharma,Amit Sharma,,,amit.sharma78@okaxis,812.814,INR,UPI,UPI,refund,2026-06-27 16:00:00,2026-06-27,leak_batch_013-0002-bank,leak_batch_013-0002-approval,leak_batch_013-0002-idemp,Generated leakage training batch LEAK_BATCH_013,ABLUK5951M,1793
TENANT_001,Razorpay,LEAK_BATCH_013__94ea3580,LEAK_BATCH_013_PAY_0003,INV-11791,VOUCH-11791,Operating_Ledger,VEND-6791,Rohan Nair,Rohan Nair,21622970910,ICIC0321763,,3351.394,INR,BANK_TRANSFER,IMPS,refund,2026-06-27 14:10:00,2026-06-27,leak_batch_013-0003-bank,leak_batch_013-0003-approval,leak_batch_013-0003-idemp,Generated leakage training batch LEAK_BATCH_013,ZXUYC4089H,9155
TENANT_001,Razorpay,LEAK_BATCH_013__94ea3580,LEAK_BATCH_013_PAY_0004,INV-10716,VOUCH-10716,Operating_Ledger,VEND-5716,Vikram Reddy,Vikram Reddy,,,vikram.reddy68@okaxis,1752.682,INR,UPI,UPI,salary,2026-06-27 15:10:00,2026-06-27,leak_batch_013-0004-bank,leak_batch_013-0004-approval,leak_batch_013-0004-idemp,Generated leakage training batch LEAK_BATCH_013,TZQXB8911M,7448
TENANT_001,Razorpay,LEAK_BATCH_013__94ea3580,LEAK_BATCH_013_PAY_0005,INV-10390,VOUCH-10390,Operating_Ledger,VEND-5390,Anjali Reddy,Anjali Reddy,3.22338E+11,KKBK0477615,,1245.327,INR,BANK_TRANSFER,IMPS,salary,2026-06-27 11:30:00,2026-06-27,leak_batch_013-0005-bank,leak_batch_013-0005-approval,leak_batch_013-0005-idemp,Generated leakage training batch LEAK_BATCH_013,NIMAG9845Q,7694
TENANT_001,Razorpay,LEAK_BATCH_013__94ea3580,LEAK_BATCH_013_PAY_0006,INV-11336,VOUCH-11336,Operating_Ledger,VEND-6336,Deepak Mehra,Deepak Mehra,5.389E+11,AXIS0303491,,1667.847,INR,BANK_TRANSFER,IMPS,salary,2026-06-27 08:30:00,2026-06-27,leak_batch_013-0006-bank,leak_batch_013-0006-approval,leak_batch_013-0006-idemp,Generated leakage training batch LEAK_BATCH_013,EHRRY9519K,5753
TENANT_001,Razorpay,LEAK_BATCH_013__94ea3580,LEAK_BATCH_013_PAY_0007,INV-10889,VOUCH-10889,Operating_Ledger,VEND-5889,Deepak Joshi,Deepak Joshi,9.44783E+11,KKBK0316204,,148.202,INR,BANK_TRANSFER,IMPS,refund,2026-06-27 10:00:00,2026-06-27,leak_batch_013-0007-bank,leak_batch_013-0007-approval,leak_batch_013-0007-idemp,Generated leakage training batch LEAK_BATCH_013,OTOMM4737D,9521
TENANT_001,Razorpay,LEAK_BATCH_013__94ea3580,LEAK_BATCH_013_PAY_0008,INV-10404,VOUCH-10404,Operating_Ledger,VEND-5404,Deepak Patel,Deepak Patel,6.139E+11,SBIN0213124,,4338.953,INR,BANK_TRANSFER,IMPS,cashback,2026-06-27 16:00:00,2026-06-27,leak_batch_013-0008-bank,leak_batch_013-0008-approval,leak_batch_013-0008-idemp,Generated leakage training batch LEAK_BATCH_013,KQULM7088A,9076
TENANT_001,Razorpay,LEAK_BATCH_013__94ea3580,LEAK_BATCH_013_PAY_0009,INV-11727,VOUCH-11727,Operating_Ledger,VEND-6727,Amit Verma,Amit Verma,,,amit.verma82@okaxis,3380.655,INR,UPI,UPI,cashback,2026-06-27 18:00:00,2026-06-27,leak_batch_013-0009-bank,leak_batch_013-0009-approval,leak_batch_013-0009-idemp,Generated leakage training batch LEAK_BATCH_013,TFGGT2486T,4748
TENANT_001,Razorpay,LEAK_BATCH_013__94ea3580,LEAK_BATCH_013_PAY_0010,INV-11163,VOUCH-11163,Operating_Ledger,VEND-6163,Amit Verma,Amit Verma,4.80193E+11,ICIC0356394,,2774.663,INR,BANK_TRANSFER,IMPS,payout,2026-06-27 12:40:00,2026-06-27,leak_batch_013-0010-bank,leak_batch_013-0010-approval,leak_batch_013-0010-idemp,Generated leakage training batch LEAK_BATCH_013,POQFQ4718K,2688
TENANT_001,Razorpay,LEAK_BATCH_013__94ea3580,LEAK_BATCH_013_PAY_0011,INV-10279,VOUCH-10279,Operating_Ledger,VEND-5279,Priya Verma,Priya Verma,7.40694E+11,AXIS0785789,,3536.59,INR,BANK_TRANSFER,IMPS,cashback,2026-06-27 15:20:00,2026-06-27,leak_batch_013-0011-bank,leak_batch_013-0011-approval,leak_batch_013-0011-idemp,Generated leakage training batch LEAK_BATCH_013,KBDIL9884J,1194
TENANT_001,Razorpay,LEAK_BATCH_013__94ea3580,LEAK_BATCH_013_PAY_0012,INV-10058,VOUCH-10058,Operating_Ledger,VEND-5058,Vikram Nair,Vikram Nair,,,vikram.nair36@okaxis,3790.627,INR,UPI,UPI,cashback,2026-06-27 18:40:00,2026-06-27,leak_batch_013-0012-bank,leak_batch_013-0012-approval,leak_batch_013-0012-idemp,Generated leakage training batch LEAK_BATCH_013,RAZDS6658K,9500
TENANT_001,Razorpay,LEAK_BATCH_013__94ea3580,LEAK_BATCH_013_PAY_0013,INV-10684,VOUCH-10684,Operating_Ledger,VEND-5684,Amit Mehra,Amit Mehra,,,amit.mehra41@okaxis,4150.752,INR,UPI,UPI,salary,2026-06-27 11:20:00,2026-06-27,leak_batch_013-0013-bank,leak_batch_013-0013-approval,leak_batch_013-0013-idemp,Generated leakage training batch LEAK_BATCH_013,CZDBK3642K,8233
TENANT_001,Razorpay,LEAK_BATCH_013__94ea3580,LEAK_BATCH_013_PAY_0014,INV-11799,VOUCH-11799,Operating_Ledger,VEND-6799,Sneha Mehra,Sneha Mehra,6.97381E+11,SBIN0511469,,4887.607,INR,BANK_TRANSFER,IMPS,refund,2026-06-27 11:30:00,2026-06-27,leak_batch_013-0014-bank,leak_batch_013-0014-approval,leak_batch_013-0014-idemp,Generated leakage training batch LEAK_BATCH_013,KPBDE2504I,216
TENANT_001,Razorpay,LEAK_BATCH_013__94ea3580,LEAK_BATCH_013_PAY_0015,INV-11129,VOUCH-11129,Operating_Ledger,VEND-6129,Neha Singh,Neha Singh,5.78765E+11,KKBK0150312,,4689.126,INR,BANK_TRANSFER,IMPS,salary,2026-06-27 16:00:00,2026-06-27,leak_batch_013-0015-bank,leak_batch_013-0015-approval,leak_batch_013-0015-idemp,Generated leakage training batch LEAK_BATCH_013,BNHGX8976A,2915
TENANT_001,Razorpay,LEAK_BATCH_013__94ea3580,LEAK_BATCH_013_PAY_0016,INV-11231,VOUCH-11231,Operating_Ledger,VEND-6231,Anjali Reddy,Anjali Reddy,6.13668E+11,SBIN0513864,,1689.666,INR,BANK_TRANSFER,IMPS,refund,2026-06-27 10:50:00,2026-06-27,leak_batch_013-0016-bank,leak_batch_013-0016-approval,leak_batch_013-0016-idemp,Generated leakage training batch LEAK_BATCH_013,WLRYT7196L,5402
TENANT_001,Razorpay,LEAK_BATCH_013__94ea3580,LEAK_BATCH_013_PAY_0017,INV-10068,VOUCH-10068,Operating_Ledger,VEND-5068,Neha Singh,Neha Singh,,,neha.singh38@okaxis,2533.885,INR,UPI,UPI,refund,2026-06-27 11:20:00,2026-06-27,leak_batch_013-0017-bank,leak_batch_013-0017-approval,leak_batch_013-0017-idemp,Generated leakage training batch LEAK_BATCH_013,HJTNE8057G,6898
TENANT_001,Razorpay,LEAK_BATCH_013__94ea3580,LEAK_BATCH_013_PAY_0018,INV-10849,VOUCH-10849,Operating_Ledger,VEND-5849,Amit Mehra,Amit Mehra,,,amit.mehra51@okaxis,4080.264,INR,UPI,UPI,salary,2026-06-27 11:40:00,2026-06-27,leak_batch_013-0018-bank,leak_batch_013-0018-approval,leak_batch_013-0018-idemp,Generated leakage training batch LEAK_BATCH_013,LFJTR9228O,3300
TENANT_001,Razorpay,LEAK_BATCH_013__94ea3580,LEAK_BATCH_013_PAY_0019,INV-11835,VOUCH-11835,Operating_Ledger,VEND-6835,Neha Mehra,Neha Mehra,3.24778E+11,ICIC0860595,,3563.977,INR,BANK_TRANSFER,IMPS,payout,2026-06-27 15:30:00,2026-06-27,leak_batch_013-0019-bank,leak_batch_013-0019-approval,leak_batch_013-0019-idemp,Generated leakage training batch LEAK_BATCH_013,MKQMO4443G,3920
TENANT_001,Razorpay,LEAK_BATCH_013__94ea3580,LEAK_BATCH_013_PAY_0020,INV-10526,VOUCH-10526,Operating_Ledger,VEND-5526,Deepak Patel,Deepak Patel,2.9928E+11,HDFC0572463,,3600.99,INR,BANK_TRANSFER,IMPS,salary,2026-06-27 12:50:00,2026-06-27,leak_batch_013-0020-bank,leak_batch_013-0020-approval,leak_batch_013-0020-idemp,Generated leakage training batch LEAK_BATCH_013,ONPGR1892E,2619
TENANT_001,Razorpay,LEAK_BATCH_013__94ea3580,LEAK_BATCH_013_PAY_0021,INV-11184,VOUCH-11184,Operating_Ledger,VEND-6184,Sanjay Mehra,Sanjay Mehra,,,sanjay.mehra83@okaxis,976.235,INR,UPI,UPI,payout,2026-06-27 13:30:00,2026-06-27,leak_batch_013-0021-bank,leak_batch_013-0021-approval,leak_batch_013-0021-idemp,Generated leakage training batch LEAK_BATCH_013,NPLVF1856P,7154
TENANT_001,Razorpay,LEAK_BATCH_013__94ea3580,LEAK_BATCH_013_PAY_0022,INV-10699,VOUCH-10699,Operating_Ledger,VEND-5699,Sanjay Patel,Sanjay Patel,4.00074E+11,KKBK0187590,,2248.121,INR,BANK_TRANSFER,IMPS,salary,2026-06-27 11:20:00,2026-06-27,leak_batch_013-0022-bank,leak_batch_013-0022-approval,leak_batch_013-0022-idemp,Generated leakage training batch LEAK_BATCH_013,LNHDK4281H,2962
TENANT_001,Razorpay,LEAK_BATCH_013__94ea3580,LEAK_BATCH_013_PAY_0023,INV-10867,VOUCH-10867,Operating_Ledger,VEND-5867,Anjali Sharma,Anjali Sharma,2.1561E+11,KKBK0493515,,4599.413,INR,BANK_TRANSFER,IMPS,salary,2026-06-27 13:10:00,2026-06-27,leak_batch_013-0023-bank,leak_batch_013-0023-approval,leak_batch_013-0023-idemp,Generated leakage training batch LEAK_BATCH_013,GVMIZ4898C,1065
TENANT_001,Razorpay,LEAK_BATCH_013__94ea3580,LEAK_BATCH_013_PAY_0024,INV-11991,VOUCH-11991,Operating_Ledger,VEND-6991,Anjali Patel,Anjali Patel,6.53073E+11,BARB0577703,,2714.69,INR,BANK_TRANSFER,IMPS,salary,2026-06-27 13:20:00,2026-06-27,leak_batch_013-0024-bank,leak_batch_013-0024-approval,leak_batch_013-0024-idemp,Generated leakage training batch LEAK_BATCH_013,BZJDW2207A,7233
TENANT_001,Razorpay,LEAK_BATCH_013__94ea3580,LEAK_BATCH_013_PAY_0025,INV-11805,VOUCH-11805,Operating_Ledger,VEND-6805,Rahul Joshi,Rahul Joshi,3.18657E+11,BARB0593825,,447.69,INR,BANK_TRANSFER,IMPS,refund,2026-06-27 10:40:00,2026-06-27,leak_batch_013-0025-bank,leak_batch_013-0025-approval,leak_batch_013-0025-idemp,Generated leakage training batch LEAK_BATCH_013,WOIDO2377O,7852
TENANT_001,Razorpay,LEAK_BATCH_013__94ea3580,LEAK_BATCH_013_PAY_0026,INV-11282,VOUCH-11282,Operating_Ledger,VEND-6282,Deepak Patel,Deepak Patel,1.84349E+11,SBIN0129674,,3431.952,INR,BANK_TRANSFER,IMPS,cashback,2026-06-27 18:50:00,2026-06-27,leak_batch_013-0026-bank,leak_batch_013-0026-approval,leak_batch_013-0026-idemp,Generated leakage training batch LEAK_BATCH_013,JWRQN1561X,9226
TENANT_001,Razorpay,LEAK_BATCH_013__94ea3580,LEAK_BATCH_013_PAY_0027,INV-11753,VOUCH-11753,Operating_Ledger,VEND-6753,Priya Joshi,Priya Joshi,5.72609E+11,KKBK0510212,,1511.8,INR,BANK_TRANSFER,IMPS,salary,2026-06-27 10:10:00,2026-06-27,leak_batch_013-0027-bank,leak_batch_013-0027-approval,leak_batch_013-0027-idemp,Generated leakage training batch LEAK_BATCH_013,FSONM1689I,1213
TENANT_001,Razorpay,LEAK_BATCH_013__94ea3580,LEAK_BATCH_013_PAY_0028,INV-11348,VOUCH-11348,Operating_Ledger,VEND-6348,Rohan Gupta,Rohan Gupta,,,rohan.gupta77@okaxis,1786.41,INR,UPI,UPI,cashback,2026-06-27 09:10:00,2026-06-27,leak_batch_013-0028-bank,leak_batch_013-0028-approval,leak_batch_013-0028-idemp,Generated leakage training batch LEAK_BATCH_013,FQXVY5584K,9893
TENANT_001,Razorpay,LEAK_BATCH_013__94ea3580,LEAK_BATCH_013_PAY_0029,INV-11768,VOUCH-11768,Operating_Ledger,VEND-6768,Rahul Joshi,Rahul Joshi,,,rahul.joshi21@okaxis,2734.777,INR,UPI,UPI,cashback,2026-06-27 17:50:00,2026-06-27,leak_batch_013-0029-bank,leak_batch_013-0029-approval,leak_batch_013-0029-idemp,Generated leakage training batch LEAK_BATCH_013,HMZJR2900Y,9592
TENANT_001,Razorpay,LEAK_BATCH_013__94ea3580,LEAK_BATCH_013_PAY_0030,INV-11609,VOUCH-11609,Operating_Ledger,VEND-6609,Anjali Sharma,Anjali Sharma,8.38992E+11,SBIN0811686,,3863.947,INR,BANK_TRANSFER,IMPS,cashback,2026-06-27 18:00:00,2026-06-27,leak_batch_013-0030-bank,leak_batch_013-0030-approval,leak_batch_013-0030-idemp,Generated leakage training batch LEAK_BATCH_013,OPRYU1475C,1656
TENANT_001,Razorpay,LEAK_BATCH_013__94ea3580,LEAK_BATCH_013_PAY_0031,INV-11994,VOUCH-11994,Operating_Ledger,VEND-6994,Anjali Patel,Anjali Patel,2.75473E+11,AXIS0177806,,2276.721,INR,BANK_TRANSFER,IMPS,refund,2026-06-27 13:30:00,2026-06-27,leak_batch_013-0031-bank,leak_batch_013-0031-approval,leak_batch_013-0031-idemp,Generated leakage training batch LEAK_BATCH_013,QEQOT8846S,5153
TENANT_001,Razorpay,LEAK_BATCH_013__94ea3580,LEAK_BATCH_013_PAY_0032,INV-10640,VOUCH-10640,Operating_Ledger,VEND-5640,Neha Nair,Neha Nair,4.46924E+11,KKBK0898791,,434.661,INR,BANK_TRANSFER,IMPS,refund,2026-06-27 12:40:00,2026-06-27,leak_batch_013-0032-bank,leak_batch_013-0032-approval,leak_batch_013-0032-idemp,Generated leakage training batch LEAK_BATCH_013,TAVLH7360C,2575
TENANT_001,Razorpay,LEAK_BATCH_013__94ea3580,LEAK_BATCH_013_PAY_0033,INV-11788,VOUCH-11788,Operating_Ledger,VEND-6788,Deepak Sharma,Deepak Sharma,8.6957E+11,KKBK0409772,,4792.41,INR,BANK_TRANSFER,IMPS,salary,2026-06-27 18:40:00,2026-06-27,leak_batch_013-0033-bank,leak_batch_013-0033-approval,leak_batch_013-0033-idemp,Generated leakage training batch LEAK_BATCH_013,PCGPK0908P,8708
TENANT_001,Razorpay,LEAK_BATCH_013__94ea3580,LEAK_BATCH_013_PAY_0034,INV-10052,VOUCH-10052,Operating_Ledger,VEND-5052,Rahul Mehra,Rahul Mehra,92093883179,ICIC0376106,,4666.599,INR,BANK_TRANSFER,IMPS,refund,2026-06-27 15:00:00,2026-06-27,leak_batch_013-0034-bank,leak_batch_013-0034-approval,leak_batch_013-0034-idemp,Generated leakage training batch LEAK_BATCH_013,YEUSH7041Z,8190
TENANT_001,Razorpay,LEAK_BATCH_013__94ea3580,LEAK_BATCH_013_PAY_0035,INV-10871,VOUCH-10871,Operating_Ledger,VEND-5871,Anjali Mehra,Anjali Mehra,,,anjali.mehra88@okaxis,3235.752,INR,UPI,UPI,payout,2026-06-27 08:50:00,2026-06-27,leak_batch_013-0035-bank,leak_batch_013-0035-approval,leak_batch_013-0035-idemp,Generated leakage training batch LEAK_BATCH_013,XSMTL9562B,1409
TENANT_001,Razorpay,LEAK_BATCH_013__94ea3580,LEAK_BATCH_013_PAY_0036,INV-10063,VOUCH-10063,Operating_Ledger,VEND-5063,Anjali Verma,Anjali Verma,1.44782E+11,SBIN0675878,,3558.929,INR,BANK_TRANSFER,IMPS,cashback,2026-06-27 18:40:00,2026-06-27,leak_batch_013-0036-bank,leak_batch_013-0036-approval,leak_batch_013-0036-idemp,Generated leakage training batch LEAK_BATCH_013,WGHSN8139U,7007
TENANT_001,Razorpay,LEAK_BATCH_013__94ea3580,LEAK_BATCH_013_PAY_0037,INV-10074,VOUCH-10074,Operating_Ledger,VEND-5074,Anjali Joshi,Anjali Joshi,4.33879E+11,KKBK0345129,,753.632,INR,BANK_TRANSFER,IMPS,cashback,2026-06-27 12:10:00,2026-06-27,leak_batch_013-0037-bank,leak_batch_013-0037-approval,leak_batch_013-0037-idemp,Generated leakage training batch LEAK_BATCH_013,IQXTB6152N,1830
TENANT_001,Razorpay,LEAK_BATCH_013__94ea3580,LEAK_BATCH_013_PAY_0038,INV-11574,VOUCH-11574,Operating_Ledger,VEND-6574,Sanjay Mehra,Sanjay Mehra,7.79934E+11,HDFC0518998,,1606.48,INR,BANK_TRANSFER,IMPS,salary,2026-06-27 15:00:00,2026-06-27,leak_batch_013-0038-bank,leak_batch_013-0038-approval,leak_batch_013-0038-idemp,Generated leakage training batch LEAK_BATCH_013,RNYPB8279M,7387
TENANT_001,Razorpay,LEAK_BATCH_013__94ea3580,LEAK_BATCH_013_PAY_0039,INV-10564,VOUCH-10564,Operating_Ledger,VEND-5564,Neha Gupta,Neha Gupta,4.10832E+11,KKBK0447483,,4896.033,INR,BANK_TRANSFER,IMPS,salary,2026-06-27 18:30:00,2026-06-27,leak_batch_013-0039-bank,leak_batch_013-0039-approval,leak_batch_013-0039-idemp,Generated leakage training batch LEAK_BATCH_013,QBKHU9647W,8498
TENANT_001,Razorpay,LEAK_BATCH_013__94ea3580,LEAK_BATCH_013_PAY_0040,INV-11463,VOUCH-11463,Operating_Ledger,VEND-6463,Rahul Sharma,Rahul Sharma,,,rahul.sharma85@okaxis,1338.128,INR,UPI,UPI,cashback,2026-06-27 09:10:00,2026-06-27,leak_batch_013-0040-bank,leak_batch_013-0040-approval,leak_batch_013-0040-idemp,Generated leakage training batch LEAK_BATCH_013,RKKFB5514V,4167
TENANT_001,Razorpay,LEAK_BATCH_013__94ea3580,LEAK_BATCH_013_PAY_0041,INV-11951,VOUCH-11951,Operating_Ledger,VEND-6951,Anjali Verma,Anjali Verma,,,anjali.verma95@okaxis,2249.036,INR,UPI,UPI,refund,2026-06-27 09:40:00,2026-06-27,leak_batch_013-0041-bank,leak_batch_013-0041-approval,leak_batch_013-0041-idemp,Generated leakage training batch LEAK_BATCH_013,KNVKX8008Q,2308
TENANT_001,Razorpay,LEAK_BATCH_013__94ea3580,LEAK_BATCH_013_PAY_0042,INV-11577,VOUCH-11577,Operating_Ledger,VEND-6577,Sneha Nair,Sneha Nair,2.75224E+11,SBIN0308924,,4011.901,INR,BANK_TRANSFER,IMPS,payout,2026-06-27 12:10:00,2026-06-27,leak_batch_013-0042-bank,leak_batch_013-0042-approval,leak_batch_013-0042-idemp,Generated leakage training batch LEAK_BATCH_013,OCPDG6864A,6484
TENANT_001,Razorpay,LEAK_BATCH_013__94ea3580,LEAK_BATCH_013_PAY_0043,INV-10549,VOUCH-10549,Operating_Ledger,VEND-5549,Sneha Singh,Sneha Singh,,,sneha.singh15@okaxis,4220.886,INR,UPI,UPI,salary,2026-06-27 11:30:00,2026-06-27,leak_batch_013-0043-bank,leak_batch_013-0043-approval,leak_batch_013-0043-idemp,Generated leakage training batch LEAK_BATCH_013,STYJU9622U,6299
TENANT_001,Razorpay,LEAK_BATCH_013__94ea3580,LEAK_BATCH_013_PAY_0044,INV-10710,VOUCH-10710,Operating_Ledger,VEND-5710,Neha Kumar,Neha Kumar,3.50915E+11,KKBK0852425,,3515.377,INR,BANK_TRANSFER,IMPS,cashback,2026-06-27 17:00:00,2026-06-27,leak_batch_013-0044-bank,leak_batch_013-0044-approval,leak_batch_013-0044-idemp,Generated leakage training batch LEAK_BATCH_013,NGHDX3947X,3177
TENANT_001,Razorpay,LEAK_BATCH_013__94ea3580,LEAK_BATCH_013_PAY_0045,INV-10296,VOUCH-10296,Operating_Ledger,VEND-5296,Anjali Singh,Anjali Singh,,,anjali.singh49@okaxis,988.324,INR,UPI,UPI,refund,2026-06-27 12:50:00,2026-06-27,leak_batch_013-0045-bank,leak_batch_013-0045-approval,leak_batch_013-0045-idemp,Generated leakage training batch LEAK_BATCH_013,KKPDX8182L,2364
TENANT_001,Razorpay,LEAK_BATCH_013__94ea3580,LEAK_BATCH_013_PAY_0046,INV-11832,VOUCH-11832,Operating_Ledger,VEND-6832,Rahul Mehra,Rahul Mehra,,,rahul.mehra29@okaxis,3471.914,INR,UPI,UPI,cashback,2026-06-27 10:00:00,2026-06-27,leak_batch_013-0046-bank,leak_batch_013-0046-approval,leak_batch_013-0046-idemp,Generated leakage training batch LEAK_BATCH_013,FOBBQ9284T,7133
TENANT_001,Razorpay,LEAK_BATCH_013__94ea3580,LEAK_BATCH_013_PAY_0047,INV-11134,VOUCH-11134,Operating_Ledger,VEND-6134,Sneha Sharma,Sneha Sharma,,,sneha.sharma23@okaxis,1238.481,INR,UPI,UPI,payout,2026-06-27 09:00:00,2026-06-27,leak_batch_013-0047-bank,leak_batch_013-0047-approval,leak_batch_013-0047-idemp,Generated leakage training batch LEAK_BATCH_013,CIPBC0936W,8308
TENANT_001,Razorpay,LEAK_BATCH_013__94ea3580,LEAK_BATCH_013_PAY_0048,INV-10398,VOUCH-10398,Operating_Ledger,VEND-5398,Sanjay Nair,Sanjay Nair,,,sanjay.nair52@okaxis,3545.099,INR,UPI,UPI,refund,2026-06-27 13:10:00,2026-06-27,leak_batch_013-0048-bank,leak_batch_013-0048-approval,leak_batch_013-0048-idemp,Generated leakage training batch LEAK_BATCH_013,LSAGP1800N,520
TENANT_001,Razorpay,LEAK_BATCH_013__94ea3580,LEAK_BATCH_013_PAY_0049,INV-11137,VOUCH-11137,Operating_Ledger,VEND-6137,Rahul Kumar,Rahul Kumar,5.76492E+11,HDFC0970331,,1877.311,INR,BANK_TRANSFER,IMPS,refund,2026-06-27 11:50:00,2026-06-27,leak_batch_013-0049-bank,leak_batch_013-0049-approval,leak_batch_013-0049-idemp,Generated leakage training batch LEAK_BATCH_013,WSSUZ7289L,2949
TENANT_001,Razorpay,LEAK_BATCH_013__94ea3580,LEAK_BATCH_013_PAY_0050,INV-11929,VOUCH-11929,Operating_Ledger,VEND-6929,Neha Verma,Neha Verma,,,neha.verma72@okaxis,2185.382,INR,UPI,UPI,salary,2026-06-27 15:20:00,2026-06-27,leak_batch_013-0050-bank,leak_batch_013-0050-approval,leak_batch_013-0050-idemp,Generated leakage training batch LEAK_BATCH_013,ITFZD9768K,3779
TENANT_001,Razorpay,LEAK_BATCH_013__94ea3580,LEAK_BATCH_013_PAY_0051,INV-11162,VOUCH-11162,Operating_Ledger,VEND-6162,Priya Mehra,Priya Mehra,6.43813E+11,KKBK0760212,,3580.946,INR,BANK_TRANSFER,IMPS,refund,2026-06-27 18:50:00,2026-06-27,leak_batch_013-0051-bank,leak_batch_013-0051-approval,leak_batch_013-0051-idemp,Generated leakage training batch LEAK_BATCH_013,BTHQW7985V,3864
TENANT_001,Razorpay,LEAK_BATCH_013__94ea3580,LEAK_BATCH_013_PAY_0052,INV-11946,VOUCH-11946,Operating_Ledger,VEND-6946,Vikram Verma,Vikram Verma,,,vikram.verma60@okaxis,316.147,INR,UPI,UPI,refund,2026-06-27 17:10:00,2026-06-27,leak_batch_013-0052-bank,leak_batch_013-0052-approval,leak_batch_013-0052-idemp,Generated leakage training batch LEAK_BATCH_013,EZGTZ8418Z,3760
TENANT_001,Razorpay,LEAK_BATCH_013__94ea3580,LEAK_BATCH_013_PAY_0053,INV-11612,VOUCH-11612,Operating_Ledger,VEND-6612,Vikram Kumar,Vikram Kumar,,,vikram.kumar42@okaxis,4416.685,INR,UPI,UPI,cashback,2026-06-27 09:40:00,2026-06-27,leak_batch_013-0053-bank,leak_batch_013-0053-approval,leak_batch_013-0053-idemp,Generated leakage training batch LEAK_BATCH_013,EKEZC5610T,5372
TENANT_001,Razorpay,LEAK_BATCH_013__94ea3580,LEAK_BATCH_013_PAY_0054,INV-11647,VOUCH-11647,Operating_Ledger,VEND-6647,Rohan Nair,Rohan Nair,5.78139E+11,ICIC0783985,,2149.163,INR,BANK_TRANSFER,IMPS,payout,2026-06-27 18:00:00,2026-06-27,leak_batch_013-0054-bank,leak_batch_013-0054-approval,leak_batch_013-0054-idemp,Generated leakage training batch LEAK_BATCH_013,KGYJP6298P,3860
TENANT_001,Razorpay,LEAK_BATCH_013__94ea3580,LEAK_BATCH_013_PAY_0055,INV-10285,VOUCH-10285,Operating_Ledger,VEND-5285,Anjali Reddy,Anjali Reddy,2.07734E+11,HDFC0211294,,4020.711,INR,BANK_TRANSFER,IMPS,cashback,2026-06-27 18:10:00,2026-06-27,leak_batch_013-0055-bank,leak_batch_013-0055-approval,leak_batch_013-0055-idemp,Generated leakage training batch LEAK_BATCH_013,HLYJP2768V,6822
TENANT_001,Razorpay,LEAK_BATCH_013__94ea3580,LEAK_BATCH_013_PAY_0056,INV-11552,VOUCH-11552,Operating_Ledger,VEND-6552,Sneha Kumar,Sneha Kumar,2.29795E+11,KKBK0669754,,4144.141,INR,BANK_TRANSFER,IMPS,salary,2026-06-27 11:50:00,2026-06-27,leak_batch_013-0056-bank,leak_batch_013-0056-approval,leak_batch_013-0056-idemp,Generated leakage training batch LEAK_BATCH_013,XWWMZ0485N,1638
TENANT_001,Razorpay,LEAK_BATCH_013__94ea3580,LEAK_BATCH_013_PAY_0057,INV-11915,VOUCH-11915,Operating_Ledger,VEND-6915,Vikram Nair,Vikram Nair,6.56986E+11,AXIS0490724,,3235.839,INR,BANK_TRANSFER,IMPS,salary,2026-06-27 13:00:00,2026-06-27,leak_batch_013-0057-bank,leak_batch_013-0057-approval,leak_batch_013-0057-idemp,Generated leakage training batch LEAK_BATCH_013,CRZPC3099F,8559
TENANT_001,Razorpay,LEAK_BATCH_013__94ea3580,LEAK_BATCH_013_PAY_0058,INV-11649,VOUCH-11649,Operating_Ledger,VEND-6649,Amit Verma,Amit Verma,,,amit.verma92@okaxis,973.538,INR,UPI,UPI,refund,2026-06-27 10:20:00,2026-06-27,leak_batch_013-0058-bank,leak_batch_013-0058-approval,leak_batch_013-0058-idemp,Generated leakage training batch LEAK_BATCH_013,DAZQS8390T,3701
TENANT_001,Razorpay,LEAK_BATCH_013__94ea3580,LEAK_BATCH_013_PAY_0059,INV-11270,VOUCH-11270,Operating_Ledger,VEND-6270,Deepak Verma,Deepak Verma,,,deepak.verma66@okaxis,1573.697,INR,UPI,UPI,salary,2026-06-27 18:30:00,2026-06-27,leak_batch_013-0059-bank,leak_batch_013-0059-approval,leak_batch_013-0059-idemp,Generated leakage training batch LEAK_BATCH_013,PWGYB5215O,4832
TENANT_001,Razorpay,LEAK_BATCH_013__94ea3580,LEAK_BATCH_013_PAY_0060,INV-11140,VOUCH-11140,Operating_Ledger,VEND-6140,Amit Reddy,Amit Reddy,,,amit.reddy83@okaxis,3791.929,INR,UPI,UPI,cashback,2026-06-27 10:50:00,2026-06-27,leak_batch_013-0060-bank,leak_batch_013-0060-approval,leak_batch_013-0060-idemp,Generated leakage training batch LEAK_BATCH_013,EWVDM7635Q,4783
TENANT_001,Razorpay,LEAK_BATCH_013__94ea3580,LEAK_BATCH_013_PAY_0061,INV-11710,VOUCH-11710,Operating_Ledger,VEND-6710,Anjali Singh,Anjali Singh,9.00344E+11,KKBK0789160,,2504.003,INR,BANK_TRANSFER,IMPS,payout,2026-06-27 10:10:00,2026-06-27,leak_batch_013-0061-bank,leak_batch_013-0061-approval,leak_batch_013-0061-idemp,Generated leakage training batch LEAK_BATCH_013,HXYYL8317D,3272
TENANT_001,Razorpay,LEAK_BATCH_013__94ea3580,LEAK_BATCH_013_PAY_0062,INV-10346,VOUCH-10346,Operating_Ledger,VEND-5346,Rohan Verma,Rohan Verma,2.22584E+11,AXIS0842487,,250.81,INR,BANK_TRANSFER,IMPS,salary,2026-06-27 08:20:00,2026-06-27,leak_batch_013-0062-bank,leak_batch_013-0062-approval,leak_batch_013-0062-idemp,Generated leakage training batch LEAK_BATCH_013,VCCAD3825E,578
TENANT_001,Razorpay,LEAK_BATCH_013__94ea3580,LEAK_BATCH_013_PAY_0063,INV-10077,VOUCH-10077,Operating_Ledger,VEND-5077,Vikram Verma,Vikram Verma,,,vikram.verma64@okaxis,2720.365,INR,UPI,UPI,refund,2026-06-27 15:00:00,2026-06-27,leak_batch_013-0063-bank,leak_batch_013-0063-approval,leak_batch_013-0063-idemp,Generated leakage training batch LEAK_BATCH_013,MBHJP7119O,2006
TENANT_001,Razorpay,LEAK_BATCH_013__94ea3580,LEAK_BATCH_013_PAY_0064,INV-10971,VOUCH-10971,Operating_Ledger,VEND-5971,Priya Nair,Priya Nair,9.03187E+11,SBIN0105959,,418.499,INR,BANK_TRANSFER,IMPS,cashback,2026-06-27 09:10:00,2026-06-27,leak_batch_013-0064-bank,leak_batch_013-0064-approval,leak_batch_013-0064-idemp,Generated leakage training batch LEAK_BATCH_013,UXIHZ2628I,7765
TENANT_001,Razorpay,LEAK_BATCH_013__94ea3580,LEAK_BATCH_013_PAY_0065,INV-11905,VOUCH-11905,Operating_Ledger,VEND-6905,Priya Nair,Priya Nair,2217737587,BARB0366392,,2577.499,INR,BANK_TRANSFER,IMPS,salary,2026-06-27 08:10:00,2026-06-27,leak_batch_013-0065-bank,leak_batch_013-0065-approval,leak_batch_013-0065-idemp,Generated leakage training batch LEAK_BATCH_013,WBLYH5989K,881
TENANT_001,Razorpay,LEAK_BATCH_013__94ea3580,LEAK_BATCH_013_PAY_0066,INV-11886,VOUCH-11886,Operating_Ledger,VEND-6886,Priya Nair,Priya Nair,6.16845E+11,KKBK0584158,,1089.545,INR,BANK_TRANSFER,IMPS,refund,2026-06-27 13:30:00,2026-06-27,leak_batch_013-0066-bank,leak_batch_013-0066-approval,leak_batch_013-0066-idemp,Generated leakage training batch LEAK_BATCH_013,WROVM4445X,9985
TENANT_001,Razorpay,LEAK_BATCH_013__94ea3580,LEAK_BATCH_013_PAY_0067,INV-10721,VOUCH-10721,Operating_Ledger,VEND-5721,Vikram Sharma,Vikram Sharma,,,vikram.sharma30@okaxis,1841.795,INR,UPI,UPI,cashback,2026-06-27 16:20:00,2026-06-27,leak_batch_013-0067-bank,leak_batch_013-0067-approval,leak_batch_013-0067-idemp,Generated leakage training batch LEAK_BATCH_013,LMQWW0750F,4728
TENANT_001,Razorpay,LEAK_BATCH_013__94ea3580,LEAK_BATCH_013_PAY_0068,INV-11769,VOUCH-11769,Operating_Ledger,VEND-6769,Sanjay Sharma,Sanjay Sharma,77406068865,AXIS0382696,,2688.505,INR,BANK_TRANSFER,IMPS,salary,2026-06-27 18:30:00,2026-06-27,leak_batch_013-0068-bank,leak_batch_013-0068-approval,leak_batch_013-0068-idemp,Generated leakage training batch LEAK_BATCH_013,RKHFO2529L,1674
TENANT_001,Razorpay,LEAK_BATCH_013__94ea3580,LEAK_BATCH_013_PAY_0069,INV-11194,VOUCH-11194,Operating_Ledger,VEND-6194,Rohan Joshi,Rohan Joshi,4.99113E+11,BARB0945078,,3231.124,INR,BANK_TRANSFER,IMPS,salary,2026-06-27 11:30:00,2026-06-27,leak_batch_013-0069-bank,leak_batch_013-0069-approval,leak_batch_013-0069-idemp,Generated leakage training batch LEAK_BATCH_013,WZAQU9130X,9056
TENANT_001,Razorpay,LEAK_BATCH_013__94ea3580,LEAK_BATCH_013_PAY_0070,INV-11796,VOUCH-11796,Operating_Ledger,VEND-6796,Rahul Reddy,Rahul Reddy,4.1586E+11,KKBK0506607,,3622.854,INR,BANK_TRANSFER,IMPS,refund,2026-06-27 18:40:00,2026-06-27,leak_batch_013-0070-bank,leak_batch_013-0070-approval,leak_batch_013-0070-idemp,Generated leakage training batch LEAK_BATCH_013,LIZBS8244K,3100
TENANT_001,Razorpay,LEAK_BATCH_013__94ea3580,LEAK_BATCH_013_PAY_0071,INV-10241,VOUCH-10241,Operating_Ledger,VEND-5241,Deepak Joshi,Deepak Joshi,9.58873E+11,ICIC0809164,,1165.861,INR,BANK_TRANSFER,IMPS,cashback,2026-06-27 18:10:00,2026-06-27,leak_batch_013-0071-bank,leak_batch_013-0071-approval,leak_batch_013-0071-idemp,Generated leakage training batch LEAK_BATCH_013,PNPFU5179H,7958
TENANT_001,Razorpay,LEAK_BATCH_013__94ea3580,LEAK_BATCH_013_PAY_0072,INV-11022,VOUCH-11022,Operating_Ledger,VEND-6022,Anjali Reddy,Anjali Reddy,6.48688E+11,KKBK0403026,,3955.161,INR,BANK_TRANSFER,IMPS,cashback,2026-06-27 11:00:00,2026-06-27,leak_batch_013-0072-bank,leak_batch_013-0072-approval,leak_batch_013-0072-idemp,Generated leakage training batch LEAK_BATCH_013,YCBCZ8781M,7894
TENANT_001,Razorpay,LEAK_BATCH_013__94ea3580,LEAK_BATCH_013_PAY_0073,INV-10485,VOUCH-10485,Operating_Ledger,VEND-5485,Neha Sharma,Neha Sharma,8.2475E+11,HDFC0400774,,1597.203,INR,BANK_TRANSFER,IMPS,salary,2026-06-27 15:10:00,2026-06-27,leak_batch_013-0073-bank,leak_batch_013-0073-approval,leak_batch_013-0073-idemp,Generated leakage training batch LEAK_BATCH_013,EIBUV6356Z,6818
TENANT_001,Razorpay,LEAK_BATCH_013__94ea3580,LEAK_BATCH_013_PAY_0074,INV-10562,VOUCH-10562,Operating_Ledger,VEND-5562,Vikram Gupta,Vikram Gupta,,,vikram.gupta89@okaxis,734.135,INR,UPI,UPI,payout,2026-06-27 10:20:00,2026-06-27,leak_batch_013-0074-bank,leak_batch_013-0074-approval,leak_batch_013-0074-idemp,Generated leakage training batch LEAK_BATCH_013,GYUIC2908S,4927
TENANT_001,Razorpay,LEAK_BATCH_013__94ea3580,LEAK_BATCH_013_PAY_0075,INV-10991,VOUCH-10991,Operating_Ledger,VEND-5991,Neha Kumar,Neha Kumar,,,neha.kumar47@okaxis,4243.694,INR,UPI,UPI,salary,2026-06-27 10:50:00,2026-06-27,leak_batch_013-0075-bank,leak_batch_013-0075-approval,leak_batch_013-0075-idemp,Generated leakage training batch LEAK_BATCH_013,ILBYJ2290Y,260
TENANT_001,Razorpay,LEAK_BATCH_013__94ea3580,LEAK_BATCH_013_PAY_0076,INV-10572,VOUCH-10572,Operating_Ledger,VEND-5572,Neha Gupta,Neha Gupta,6.13075E+11,KKBK0508664,,3401.774,INR,BANK_TRANSFER,IMPS,refund,2026-06-27 15:20:00,2026-06-27,leak_batch_013-0076-bank,leak_batch_013-0076-approval,leak_batch_013-0076-idemp,Generated leakage training batch LEAK_BATCH_013,DXRWU5080J,8261
TENANT_001,Razorpay,LEAK_BATCH_013__94ea3580,LEAK_BATCH_013_PAY_0077,INV-11958,VOUCH-11958,Operating_Ledger,VEND-6958,Neha Patel,Neha Patel,9.52452E+11,ICIC0977152,,4588.41,INR,BANK_TRANSFER,IMPS,salary,2026-06-27 16:40:00,2026-06-27,leak_batch_013-0077-bank,leak_batch_013-0077-approval,leak_batch_013-0077-idemp,Generated leakage training batch LEAK_BATCH_013,JNEJN0896H,5867
TENANT_001,Razorpay,LEAK_BATCH_013__94ea3580,LEAK_BATCH_013_PAY_0078,INV-10261,VOUCH-10261,Operating_Ledger,VEND-5261,Priya Reddy,Priya Reddy,6.41476E+11,AXIS0595592,,2392.202,INR,BANK_TRANSFER,IMPS,refund,2026-06-27 09:00:00,2026-06-27,leak_batch_013-0078-bank,leak_batch_013-0078-approval,leak_batch_013-0078-idemp,Generated leakage training batch LEAK_BATCH_013,BEKIV0427W,8120
TENANT_001,Razorpay,LEAK_BATCH_013__94ea3580,LEAK_BATCH_013_PAY_0079,INV-10192,VOUCH-10192,Operating_Ledger,VEND-5192,Deepak Verma,Deepak Verma,7.01508E+11,SBIN0417343,,193.767,INR,BANK_TRANSFER,IMPS,cashback,2026-06-27 16:40:00,2026-06-27,leak_batch_013-0079-bank,leak_batch_013-0079-approval,leak_batch_013-0079-idemp,Generated leakage training batch LEAK_BATCH_013,MOTRT5936E,7593
TENANT_001,Razorpay,LEAK_BATCH_013__94ea3580,LEAK_BATCH_013_PAY_0080,INV-10127,VOUCH-10127,Operating_Ledger,VEND-5127,Rahul Verma,Rahul Verma,,,rahul.verma70@okaxis,339.585,INR,UPI,UPI,refund,2026-06-27 10:00:00,2026-06-27,leak_batch_013-0080-bank,leak_batch_013-0080-approval,leak_batch_013-0080-idemp,Generated leakage training batch LEAK_BATCH_013,CJEYC4140X,1715
TENANT_001,Razorpay,LEAK_BATCH_013__94ea3580,LEAK_BATCH_013_PAY_0081,INV-10168,VOUCH-10168,Operating_Ledger,VEND-5168,Sanjay Joshi,Sanjay Joshi,1.02092E+11,SBIN0189738,,2563.508,INR,BANK_TRANSFER,IMPS,payout,2026-06-27 11:50:00,2026-06-27,leak_batch_013-0081-bank,leak_batch_013-0081-approval,leak_batch_013-0081-idemp,Generated leakage training batch LEAK_BATCH_013,UARGK0360I,7420
TENANT_001,Razorpay,LEAK_BATCH_013__94ea3580,LEAK_BATCH_013_PAY_0082,INV-11041,VOUCH-11041,Operating_Ledger,VEND-6041,Rahul Mehra,Rahul Mehra,6.66958E+11,ICIC0973560,,1055.865,INR,BANK_TRANSFER,IMPS,cashback,2026-06-27 10:20:00,2026-06-27,leak_batch_013-0082-bank,leak_batch_013-0082-approval,leak_batch_013-0082-idemp,Generated leakage training batch LEAK_BATCH_013,QSERV2789I,9933
TENANT_001,Razorpay,LEAK_BATCH_013__94ea3580,LEAK_BATCH_013_PAY_0083,INV-10649,VOUCH-10649,Operating_Ledger,VEND-5649,Sanjay Gupta,Sanjay Gupta,,,sanjay.gupta11@okaxis,1304.133,INR,UPI,UPI,refund,2026-06-27 16:50:00,2026-06-27,leak_batch_013-0083-bank,leak_batch_013-0083-approval,leak_batch_013-0083-idemp,Generated leakage training batch LEAK_BATCH_013,AVHDV6507M,3775
TENANT_001,Razorpay,LEAK_BATCH_013__94ea3580,LEAK_BATCH_013_PAY_0084,INV-10742,VOUCH-10742,Operating_Ledger,VEND-5742,Neha Sharma,Neha Sharma,,,neha.sharma89@okaxis,3820.113,INR,UPI,UPI,salary,2026-06-27 13:20:00,2026-06-27,leak_batch_013-0084-bank,leak_batch_013-0084-approval,leak_batch_013-0084-idemp,Generated leakage training batch LEAK_BATCH_013,RQZFX3186H,8156
TENANT_001,Razorpay,LEAK_BATCH_013__94ea3580,LEAK_BATCH_013_PAY_0085,INV-10877,VOUCH-10877,Operating_Ledger,VEND-5877,Priya Sharma,Priya Sharma,4.45399E+11,KKBK0532026,,4091.982,INR,BANK_TRANSFER,IMPS,refund,2026-06-27 12:30:00,2026-06-27,leak_batch_013-0085-bank,leak_batch_013-0085-approval,leak_batch_013-0085-idemp,Generated leakage training batch LEAK_BATCH_013,IDWHU7530Q,8850
TENANT_001,Razorpay,LEAK_BATCH_013__94ea3580,LEAK_BATCH_013_PAY_0086,INV-10786,VOUCH-10786,Operating_Ledger,VEND-5786,Deepak Verma,Deepak Verma,3.95849E+11,SBIN0296258,,1553.223,INR,BANK_TRANSFER,IMPS,refund,2026-06-27 13:30:00,2026-06-27,leak_batch_013-0086-bank,leak_batch_013-0086-approval,leak_batch_013-0086-idemp,Generated leakage training batch LEAK_BATCH_013,OWFRK0876F,1445
TENANT_001,Razorpay,LEAK_BATCH_013__94ea3580,LEAK_BATCH_013_PAY_0087,INV-10656,VOUCH-10656,Operating_Ledger,VEND-5656,Sanjay Sharma,Sanjay Sharma,,,sanjay.sharma71@okaxis,1108.866,INR,UPI,UPI,refund,2026-06-27 12:30:00,2026-06-27,leak_batch_013-0087-bank,leak_batch_013-0087-approval,leak_batch_013-0087-idemp,Generated leakage training batch LEAK_BATCH_013,XYGUS6094J,198
TENANT_001,Razorpay,LEAK_BATCH_013__94ea3580,LEAK_BATCH_013_PAY_0088,INV-11080,VOUCH-11080,Operating_Ledger,VEND-6080,Rohan Gupta,Rohan Gupta,8.0708E+11,HDFC0928512,,4328.152,INR,BANK_TRANSFER,IMPS,refund,2026-06-27 13:10:00,2026-06-27,leak_batch_013-0088-bank,leak_batch_013-0088-approval,leak_batch_013-0088-idemp,Generated leakage training batch LEAK_BATCH_013,TGPED2723Y,7578
TENANT_001,Razorpay,LEAK_BATCH_013__94ea3580,LEAK_BATCH_013_PAY_0089,INV-10663,VOUCH-10663,Operating_Ledger,VEND-5663,Priya Sharma,Priya Sharma,,,priya.sharma84@okaxis,1830.766,INR,UPI,UPI,cashback,2026-06-27 13:30:00,2026-06-27,leak_batch_013-0089-bank,leak_batch_013-0089-approval,leak_batch_013-0089-idemp,Generated leakage training batch LEAK_BATCH_013,BTVIQ8661H,6906
TENANT_001,Razorpay,LEAK_BATCH_013__94ea3580,LEAK_BATCH_013_PAY_0090,INV-10805,VOUCH-10805,Operating_Ledger,VEND-5805,Amit Joshi,Amit Joshi,7.17167E+11,AXIS0106667,,1209.972,INR,BANK_TRANSFER,IMPS,refund,2026-06-27 11:10:00,2026-06-27,leak_batch_013-0090-bank,leak_batch_013-0090-approval,leak_batch_013-0090-idemp,Generated leakage training batch LEAK_BATCH_013,GWAEG4591P,5291
TENANT_001,Razorpay,LEAK_BATCH_013__94ea3580,LEAK_BATCH_013_PAY_0091,INV-10606,VOUCH-10606,Operating_Ledger,VEND-5606,Anjali Kumar,Anjali Kumar,3.89978E+11,ICIC0203030,,703.063,INR,BANK_TRANSFER,IMPS,refund,2026-06-27 18:40:00,2026-06-27,leak_batch_013-0091-bank,leak_batch_013-0091-approval,leak_batch_013-0091-idemp,Generated leakage training batch LEAK_BATCH_013,WAZBS9564I,2443
TENANT_001,Razorpay,LEAK_BATCH_013__94ea3580,LEAK_BATCH_013_PAY_0092,INV-10109,VOUCH-10109,Operating_Ledger,VEND-5109,Vikram Sharma,Vikram Sharma,,,vikram.sharma16@okaxis,2475.468,INR,UPI,UPI,refund,2026-06-27 18:20:00,2026-06-27,leak_batch_013-0092-bank,leak_batch_013-0092-approval,leak_batch_013-0092-idemp,Generated leakage training batch LEAK_BATCH_013,LTCFK0304M,2707
TENANT_001,Razorpay,LEAK_BATCH_013__94ea3580,LEAK_BATCH_013_PAY_0093,INV-11136,VOUCH-11136,Operating_Ledger,VEND-6136,Neha Kumar,Neha Kumar,86437393768,SBIN0846731,,4759.79,INR,BANK_TRANSFER,IMPS,payout,2026-06-27 18:10:00,2026-06-27,leak_batch_013-0093-bank,leak_batch_013-0093-approval,leak_batch_013-0093-idemp,Generated leakage training batch LEAK_BATCH_013,BROKQ4082J,9559
TENANT_001,Razorpay,LEAK_BATCH_013__94ea3580,LEAK_BATCH_013_PAY_0094,INV-10869,VOUCH-10869,Operating_Ledger,VEND-5869,Sanjay Sharma,Sanjay Sharma,,,sanjay.sharma70@okaxis,1518.634,INR,UPI,UPI,salary,2026-06-27 09:40:00,2026-06-27,leak_batch_013-0094-bank,leak_batch_013-0094-approval,leak_batch_013-0094-idemp,Generated leakage training batch LEAK_BATCH_013,JKTJZ8660Z,2598
TENANT_001,Razorpay,LEAK_BATCH_013__94ea3580,LEAK_BATCH_013_PAY_0095,INV-10864,VOUCH-10864,Operating_Ledger,VEND-5864,Anjali Mehra,Anjali Mehra,,,anjali.mehra13@okaxis,865.682,INR,UPI,UPI,refund,2026-06-27 08:40:00,2026-06-27,leak_batch_013-0095-bank,leak_batch_013-0095-approval,leak_batch_013-0095-idemp,Generated leakage training batch LEAK_BATCH_013,NLTTJ6431S,283
TENANT_001,Razorpay,LEAK_BATCH_013__94ea3580,LEAK_BATCH_013_PAY_0096,INV-10219,VOUCH-10219,Operating_Ledger,VEND-5219,Rohan Gupta,Rohan Gupta,,,rohan.gupta60@okaxis,2672.325,INR,UPI,UPI,payout,2026-06-27 11:50:00,2026-06-27,leak_batch_013-0096-bank,leak_batch_013-0096-approval,leak_batch_013-0096-idemp,Generated leakage training batch LEAK_BATCH_013,JQNVI5806O,2493
TENANT_001,Razorpay,LEAK_BATCH_013__94ea3580,LEAK_BATCH_013_PAY_0097,INV-11472,VOUCH-11472,Operating_Ledger,VEND-6472,Rohan Mehra,Rohan Mehra,2.02088E+11,AXIS0421671,,1026.262,INR,BANK_TRANSFER,IMPS,cashback,2026-06-27 15:10:00,2026-06-27,leak_batch_013-0097-bank,leak_batch_013-0097-approval,leak_batch_013-0097-idemp,Generated leakage training batch LEAK_BATCH_013,DPCMC0752V,8915
TENANT_001,Razorpay,LEAK_BATCH_013__94ea3580,LEAK_BATCH_013_PAY_0098,INV-11924,VOUCH-11924,Operating_Ledger,VEND-6924,Vikram Verma,Vikram Verma,9.61449E+11,AXIS0259897,,4554.807,INR,BANK_TRANSFER,IMPS,refund,2026-06-27 08:10:00,2026-06-27,leak_batch_013-0098-bank,leak_batch_013-0098-approval,leak_batch_013-0098-idemp,Generated leakage training batch LEAK_BATCH_013,XGRNA6759J,1657
TENANT_001,Razorpay,LEAK_BATCH_013__94ea3580,LEAK_BATCH_013_PAY_0099,INV-10386,VOUCH-10386,Operating_Ledger,VEND-5386,Sanjay Sharma,Sanjay Sharma,,,sanjay.sharma66@okaxis,2934.485,INR,UPI,UPI,refund,2026-06-27 17:00:00,2026-06-27,leak_batch_013-0099-bank,leak_batch_013-0099-approval,leak_batch_013-0099-idemp,Generated leakage training batch LEAK_BATCH_013,IQQLI9560I,9165
TENANT_001,Razorpay,LEAK_BATCH_013__94ea3580,LEAK_BATCH_013_PAY_0100,INV-10583,VOUCH-10583,Operating_Ledger,VEND-5583,Rohan Singh,Rohan Singh,9.15554E+11,ICIC0579422,,4535.369,INR,BANK_TRANSFER,IMPS,salary,2026-06-27 11:10:00,2026-06-27,leak_batch_013-0100-bank,leak_batch_013-0100-approval,leak_batch_013-0100-idemp,Generated leakage training batch LEAK_BATCH_013,YVSNG7904O,3223
TENANT_001,Razorpay,LEAK_BATCH_013__94ea3580,LEAK_BATCH_013_PAY_0101,INV-10944,VOUCH-10944,Operating_Ledger,VEND-5944,Anjali Kumar,Anjali Kumar,3.03895E+11,SBIN0125076,,110.835,INR,BANK_TRANSFER,IMPS,cashback,2026-06-27 09:00:00,2026-06-27,leak_batch_013-0101-bank,leak_batch_013-0101-approval,leak_batch_013-0101-idemp,Generated leakage training batch LEAK_BATCH_013,SXAGX3010F,4535
TENANT_001,Razorpay,LEAK_BATCH_013__94ea3580,LEAK_BATCH_013_PAY_0102,INV-11913,VOUCH-11913,Operating_Ledger,VEND-6913,Rohan Joshi,Rohan Joshi,9.11977E+11,SBIN0733335,,3802.457,INR,BANK_TRANSFER,IMPS,cashback,2026-06-27 10:10:00,2026-06-27,leak_batch_013-0102-bank,leak_batch_013-0102-approval,leak_batch_013-0102-idemp,Generated leakage training batch LEAK_BATCH_013,PLEEK5740V,2636
TENANT_001,Razorpay,LEAK_BATCH_013__94ea3580,LEAK_BATCH_013_PAY_0103,INV-10010,VOUCH-10010,Operating_Ledger,VEND-5010,Anjali Kumar,Anjali Kumar,7.91901E+11,KKBK0343463,,3769.894,INR,BANK_TRANSFER,IMPS,refund,2026-06-27 12:10:00,2026-06-27,leak_batch_013-0103-bank,leak_batch_013-0103-approval,leak_batch_013-0103-idemp,Generated leakage training batch LEAK_BATCH_013,IBYXM2694U,4141
TENANT_001,Razorpay,LEAK_BATCH_013__94ea3580,LEAK_BATCH_013_PAY_0104,INV-10024,VOUCH-10024,Operating_Ledger,VEND-5024,Sanjay Verma,Sanjay Verma,,,sanjay.verma85@okaxis,4984.929,INR,UPI,UPI,refund,2026-06-27 14:20:00,2026-06-27,leak_batch_013-0104-bank,leak_batch_013-0104-approval,leak_batch_013-0104-idemp,Generated leakage training batch LEAK_BATCH_013,PIHBQ9366Q,6613
TENANT_001,Razorpay,LEAK_BATCH_013__94ea3580,LEAK_BATCH_013_PAY_0105,INV-11522,VOUCH-11522,Operating_Ledger,VEND-6522,Anjali Mehra,Anjali Mehra,7.98917E+11,KKBK0155129,,2052.465,INR,BANK_TRANSFER,IMPS,salary,2026-06-27 09:30:00,2026-06-27,leak_batch_013-0105-bank,leak_batch_013-0105-approval,leak_batch_013-0105-idemp,Generated leakage training batch LEAK_BATCH_013,JOUMH5538Y,1358
TENANT_001,Razorpay,LEAK_BATCH_013__94ea3580,LEAK_BATCH_013_PAY_0106,INV-11519,VOUCH-11519,Operating_Ledger,VEND-6519,Rahul Patel,Rahul Patel,,,rahul.patel68@okaxis,4779.465,INR,UPI,UPI,refund,2026-06-27 08:20:00,2026-06-27,leak_batch_013-0106-bank,leak_batch_013-0106-approval,leak_batch_013-0106-idemp,Generated leakage training batch LEAK_BATCH_013,VZIKH8019W,4775
TENANT_001,Razorpay,LEAK_BATCH_013__94ea3580,LEAK_BATCH_013_PAY_0107,INV-11510,VOUCH-11510,Operating_Ledger,VEND-6510,Priya Sharma,Priya Sharma,8.64489E+11,BARB0659062,,3086.896,INR,BANK_TRANSFER,IMPS,payout,2026-06-27 15:00:00,2026-06-27,leak_batch_013-0107-bank,leak_batch_013-0107-approval,leak_batch_013-0107-idemp,Generated leakage training batch LEAK_BATCH_013,OTADB5920E,5096
TENANT_001,Razorpay,LEAK_BATCH_013__94ea3580,LEAK_BATCH_013_PAY_0108,INV-11254,VOUCH-11254,Operating_Ledger,VEND-6254,Sanjay Nair,Sanjay Nair,,,sanjay.nair81@okaxis,3473.103,INR,UPI,UPI,cashback,2026-06-27 12:40:00,2026-06-27,leak_batch_013-0108-bank,leak_batch_013-0108-approval,leak_batch_013-0108-idemp,Generated leakage training batch LEAK_BATCH_013,UKKDP9901A,7679
TENANT_001,Razorpay,LEAK_BATCH_013__94ea3580,LEAK_BATCH_013_PAY_0109,INV-11549,VOUCH-11549,Operating_Ledger,VEND-6549,Neha Gupta,Neha Gupta,5.59874E+11,BARB0344092,,3005.255,INR,BANK_TRANSFER,IMPS,payout,2026-06-27 15:50:00,2026-06-27,leak_batch_013-0109-bank,leak_batch_013-0109-approval,leak_batch_013-0109-idemp,Generated leakage training batch LEAK_BATCH_013,CKHME6468O,9069
TENANT_001,Razorpay,LEAK_BATCH_013__94ea3580,LEAK_BATCH_013_PAY_0110,INV-10948,VOUCH-10948,Operating_Ledger,VEND-5948,Deepak Joshi,Deepak Joshi,6.64459E+11,SBIN0763788,,1100.452,INR,BANK_TRANSFER,IMPS,payout,2026-06-27 12:20:00,2026-06-27,leak_batch_013-0110-bank,leak_batch_013-0110-approval,leak_batch_013-0110-idemp,Generated leakage training batch LEAK_BATCH_013,VWQPV0229R,6542
TENANT_001,Razorpay,LEAK_BATCH_013__94ea3580,LEAK_BATCH_013_PAY_0111,INV-10814,VOUCH-10814,Operating_Ledger,VEND-5814,Sneha Gupta,Sneha Gupta,,,sneha.gupta19@okaxis,2857.903,INR,UPI,UPI,payout,2026-06-27 16:40:00,2026-06-27,leak_batch_013-0111-bank,leak_batch_013-0111-approval,leak_batch_013-0111-idemp,Generated leakage training batch LEAK_BATCH_013,IMYTP4556P,6473
TENANT_001,Razorpay,LEAK_BATCH_013__94ea3580,LEAK_BATCH_013_PAY_0112,INV-11686,VOUCH-11686,Operating_Ledger,VEND-6686,Sanjay Sharma,Sanjay Sharma,1.65218E+11,AXIS0866508,,1041.879,INR,BANK_TRANSFER,IMPS,cashback,2026-06-27 17:30:00,2026-06-27,leak_batch_013-0112-bank,leak_batch_013-0112-approval,leak_batch_013-0112-idemp,Generated leakage training batch LEAK_BATCH_013,QEXBV6520P,7997
TENANT_001,Razorpay,LEAK_BATCH_013__94ea3580,LEAK_BATCH_013_PAY_0113,INV-10925,VOUCH-10925,Operating_Ledger,VEND-5925,Rohan Kumar,Rohan Kumar,,,rohan.kumar38@okaxis,3454.41,INR,UPI,UPI,refund,2026-06-27 11:50:00,2026-06-27,leak_batch_013-0113-bank,leak_batch_013-0113-approval,leak_batch_013-0113-idemp,Generated leakage training batch LEAK_BATCH_013,BMDBZ6682S,5065
TENANT_001,Razorpay,LEAK_BATCH_013__94ea3580,LEAK_BATCH_013_PAY_0114,INV-11030,VOUCH-11030,Operating_Ledger,VEND-6030,Rahul Patel,Rahul Patel,2.671E+11,AXIS0700026,,4745.208,INR,BANK_TRANSFER,IMPS,refund,2026-06-27 12:20:00,2026-06-27,leak_batch_013-0114-bank,leak_batch_013-0114-approval,leak_batch_013-0114-idemp,Generated leakage training batch LEAK_BATCH_013,BTRPD8450B,5662
TENANT_001,Razorpay,LEAK_BATCH_013__94ea3580,LEAK_BATCH_013_PAY_0115,INV-11714,VOUCH-11714,Operating_Ledger,VEND-6714,Anjali Gupta,Anjali Gupta,6.14198E+11,HDFC0146323,,4113.663,INR,BANK_TRANSFER,IMPS,refund,2026-06-27 18:50:00,2026-06-27,leak_batch_013-0115-bank,leak_batch_013-0115-approval,leak_batch_013-0115-idemp,Generated leakage training batch LEAK_BATCH_013,XTPDW7744J,2672
TENANT_001,Razorpay,LEAK_BATCH_013__94ea3580,LEAK_BATCH_013_PAY_0116,INV-11525,VOUCH-11525,Operating_Ledger,VEND-6525,Sneha Kumar,Sneha Kumar,1.45314E+11,BARB0352451,,4679.223,INR,BANK_TRANSFER,IMPS,payout,2026-06-27 11:30:00,2026-06-27,leak_batch_013-0116-bank,leak_batch_013-0116-approval,leak_batch_013-0116-idemp,Generated leakage training batch LEAK_BATCH_013,JXFLR7246H,9842
TENANT_001,Razorpay,LEAK_BATCH_013__94ea3580,LEAK_BATCH_013_PAY_0117,INV-11908,VOUCH-11908,Operating_Ledger,VEND-6908,Vikram Nair,Vikram Nair,4.9141E+11,BARB0737847,,672.332,INR,BANK_TRANSFER,IMPS,cashback,2026-06-27 09:10:00,2026-06-27,leak_batch_013-0117-bank,leak_batch_013-0117-approval,leak_batch_013-0117-idemp,Generated leakage training batch LEAK_BATCH_013,PPDOP3871C,8556
TENANT_001,Razorpay,LEAK_BATCH_013__94ea3580,LEAK_BATCH_013_PAY_0118,INV-10083,VOUCH-10083,Operating_Ledger,VEND-5083,Amit Nair,Amit Nair,,,amit.nair64@okaxis,4772.152,INR,UPI,UPI,refund,2026-06-27 18:20:00,2026-06-27,leak_batch_013-0118-bank,leak_batch_013-0118-approval,leak_batch_013-0118-idemp,Generated leakage training batch LEAK_BATCH_013,ZFCRE0490S,7442
TENANT_001,Razorpay,LEAK_BATCH_013__94ea3580,LEAK_BATCH_013_PAY_0119,INV-11983,VOUCH-11983,Operating_Ledger,VEND-6983,Vikram Kumar,Vikram Kumar,,,vikram.kumar60@okaxis,1569.296,INR,UPI,UPI,salary,2026-06-27 17:30:00,2026-06-27,leak_batch_013-0119-bank,leak_batch_013-0119-approval,leak_batch_013-0119-idemp,Generated leakage training batch LEAK_BATCH_013,XZPUX4769P,6292
TENANT_001,Razorpay,LEAK_BATCH_013__94ea3580,LEAK_BATCH_013_PAY_0120,INV-10603,VOUCH-10603,Operating_Ledger,VEND-5603,Amit Patel,Amit Patel,1.60321E+11,SBIN0719595,,2580.086,INR,BANK_TRANSFER,IMPS,refund,2026-06-27 09:20:00,2026-06-27,leak_batch_013-0120-bank,leak_batch_013-0120-approval,leak_batch_013-0120-idemp,Generated leakage training batch LEAK_BATCH_013,JHTNP2250Y,5431
TENANT_001,Razorpay,LEAK_BATCH_013__94ea3580,LEAK_BATCH_013_PAY_0121,INV-11306,VOUCH-11306,Operating_Ledger,VEND-6306,Amit Gupta,Amit Gupta,9.94917E+11,AXIS0479141,,3517.908,INR,BANK_TRANSFER,IMPS,payout,2026-06-27 17:30:00,2026-06-27,leak_batch_013-0121-bank,leak_batch_013-0121-approval,leak_batch_013-0121-idemp,Generated leakage training batch LEAK_BATCH_013,LPJUJ8625X,9527
TENANT_001,Razorpay,LEAK_BATCH_013__94ea3580,LEAK_BATCH_013_PAY_0122,INV-11397,VOUCH-11397,Operating_Ledger,VEND-6397,Priya Singh,Priya Singh,10985156240,SBIN0398140,,1487.835,INR,BANK_TRANSFER,IMPS,refund,2026-06-27 18:50:00,2026-06-27,leak_batch_013-0122-bank,leak_batch_013-0122-approval,leak_batch_013-0122-idemp,Generated leakage training batch LEAK_BATCH_013,HWLFY0207F,2699
TENANT_001,Razorpay,LEAK_BATCH_013__94ea3580,LEAK_BATCH_013_PAY_0123,INV-11113,VOUCH-11113,Operating_Ledger,VEND-6113,Neha Verma,Neha Verma,5.31333E+11,HDFC0517038,,3319.405,INR,BANK_TRANSFER,IMPS,refund,2026-06-27 16:40:00,2026-06-27,leak_batch_013-0123-bank,leak_batch_013-0123-approval,leak_batch_013-0123-idemp,Generated leakage training batch LEAK_BATCH_013,VXLJU5075K,5038
TENANT_001,Razorpay,LEAK_BATCH_013__94ea3580,LEAK_BATCH_013_PAY_0124,INV-10903,VOUCH-10903,Operating_Ledger,VEND-5903,Sanjay Kumar,Sanjay Kumar,2.04321E+11,ICIC0268370,,3991.733,INR,BANK_TRANSFER,IMPS,payout,2026-06-27 12:10:00,2026-06-27,leak_batch_013-0124-bank,leak_batch_013-0124-approval,leak_batch_013-0124-idemp,Generated leakage training batch LEAK_BATCH_013,KRYSD0465M,7186
TENANT_001,Razorpay,LEAK_BATCH_013__94ea3580,LEAK_BATCH_013_PAY_0125,INV-11445,VOUCH-11445,Operating_Ledger,VEND-6445,Sneha Reddy,Sneha Reddy,9.9728E+11,KKBK0526162,,547.202,INR,BANK_TRANSFER,IMPS,salary,2026-06-27 13:40:00,2026-06-27,leak_batch_013-0125-bank,leak_batch_013-0125-approval,leak_batch_013-0125-idemp,Generated leakage training batch LEAK_BATCH_013,EOPRA4721N,2827
TENANT_001,Razorpay,LEAK_BATCH_013__94ea3580,LEAK_BATCH_013_PAY_0126,INV-11301,VOUCH-11301,Operating_Ledger,VEND-6301,Sanjay Nair,Sanjay Nair,47798956258,AXIS0640240,,2653.125,INR,BANK_TRANSFER,IMPS,payout,2026-06-27 11:50:00,2026-06-27,leak_batch_013-0126-bank,leak_batch_013-0126-approval,leak_batch_013-0126-idemp,Generated leakage training batch LEAK_BATCH_013,RWBSE5582I,705
TENANT_001,Razorpay,LEAK_BATCH_013__94ea3580,LEAK_BATCH_013_PAY_0127,INV-11960,VOUCH-11960,Operating_Ledger,VEND-6960,Sanjay Kumar,Sanjay Kumar,5.56317E+11,BARB0454632,,4927.876,INR,BANK_TRANSFER,IMPS,payout,2026-06-27 09:10:00,2026-06-27,leak_batch_013-0127-bank,leak_batch_013-0127-approval,leak_batch_013-0127-idemp,Generated leakage training batch LEAK_BATCH_013,EGWRV6151V,494
TENANT_001,Razorpay,LEAK_BATCH_013__94ea3580,LEAK_BATCH_013_PAY_0128,INV-11152,VOUCH-11152,Operating_Ledger,VEND-6152,Deepak Joshi,Deepak Joshi,9.05279E+11,SBIN0681396,,191.306,INR,BANK_TRANSFER,IMPS,payout,2026-06-27 08:30:00,2026-06-27,leak_batch_013-0128-bank,leak_batch_013-0128-approval,leak_batch_013-0128-idemp,Generated leakage training batch LEAK_BATCH_013,PIDCG2147X,2870
TENANT_001,Razorpay,LEAK_BATCH_013__94ea3580,LEAK_BATCH_013_PAY_0129,INV-11778,VOUCH-11778,Operating_Ledger,VEND-6778,Rohan Kumar,Rohan Kumar,,,rohan.kumar95@okaxis,2481.997,INR,UPI,UPI,payout,2026-06-27 11:40:00,2026-06-27,leak_batch_013-0129-bank,leak_batch_013-0129-approval,leak_batch_013-0129-idemp,Generated leakage training batch LEAK_BATCH_013,WTVFY1032Q,7225
TENANT_001,Razorpay,LEAK_BATCH_013__94ea3580,LEAK_BATCH_013_PAY_0130,INV-11409,VOUCH-11409,Operating_Ledger,VEND-6409,Vikram Reddy,Vikram Reddy,,,vikram.reddy41@okaxis,4711.582,INR,UPI,UPI,cashback,2026-06-27 12:00:00,2026-06-27,leak_batch_013-0130-bank,leak_batch_013-0130-approval,leak_batch_013-0130-idemp,Generated leakage training batch LEAK_BATCH_013,GVYTH1258Q,7846
TENANT_001,Razorpay,LEAK_BATCH_013__94ea3580,LEAK_BATCH_013_PAY_0131,INV-10703,VOUCH-10703,Operating_Ledger,VEND-5703,Sneha Kumar,Sneha Kumar,8.91062E+11,SBIN0742946,,3950.55,INR,BANK_TRANSFER,IMPS,salary,2026-06-27 18:10:00,2026-06-27,leak_batch_013-0131-bank,leak_batch_013-0131-approval,leak_batch_013-0131-idemp,Generated leakage training batch LEAK_BATCH_013,UEWMU4070P,8543
TENANT_001,Razorpay,LEAK_BATCH_013__94ea3580,LEAK_BATCH_013_PAY_0132,INV-10152,VOUCH-10152,Operating_Ledger,VEND-5152,Amit Verma,Amit Verma,7.41178E+11,ICIC0688364,,3303.06,INR,BANK_TRANSFER,IMPS,payout,2026-06-27 18:10:00,2026-06-27,leak_batch_013-0132-bank,leak_batch_013-0132-approval,leak_batch_013-0132-idemp,Generated leakage training batch LEAK_BATCH_013,IAFPH3555Q,9194
TENANT_001,Razorpay,LEAK_BATCH_013__94ea3580,LEAK_BATCH_013_PAY_0133,INV-11087,VOUCH-11087,Operating_Ledger,VEND-6087,Rahul Verma,Rahul Verma,8.30846E+11,AXIS0925166,,2255.179,INR,BANK_TRANSFER,IMPS,payout,2026-06-27 12:30:00,2026-06-27,leak_batch_013-0133-bank,leak_batch_013-0133-approval,leak_batch_013-0133-idemp,Generated leakage training batch LEAK_BATCH_013,YRNJO1637E,2481
TENANT_001,Razorpay,LEAK_BATCH_013__94ea3580,LEAK_BATCH_013_PAY_0134,INV-11244,VOUCH-11244,Operating_Ledger,VEND-6244,Rahul Singh,Rahul Singh,,,rahul.singh13@okaxis,4694.383,INR,UPI,UPI,salary,2026-06-27 11:30:00,2026-06-27,leak_batch_013-0134-bank,leak_batch_013-0134-approval,leak_batch_013-0134-idemp,Generated leakage training batch LEAK_BATCH_013,ROOSE7640V,7101
TENANT_001,Razorpay,LEAK_BATCH_013__94ea3580,LEAK_BATCH_013_PAY_0135,INV-11471,VOUCH-11471,Operating_Ledger,VEND-6471,Anjali Nair,Anjali Nair,,,anjali.nair61@okaxis,1901.117,INR,UPI,UPI,refund,2026-06-27 11:10:00,2026-06-27,leak_batch_013-0135-bank,leak_batch_013-0135-approval,leak_batch_013-0135-idemp,Generated leakage training batch LEAK_BATCH_013,VMKXZ5355M,8971
TENANT_001,Razorpay,LEAK_BATCH_013__94ea3580,LEAK_BATCH_013_PAY_0136,INV-10448,VOUCH-10448,Operating_Ledger,VEND-5448,Sanjay Sharma,Sanjay Sharma,2.39316E+11,KKBK0828391,,625.624,INR,BANK_TRANSFER,IMPS,cashback,2026-06-27 15:10:00,2026-06-27,leak_batch_013-0136-bank,leak_batch_013-0136-approval,leak_batch_013-0136-idemp,Generated leakage training batch LEAK_BATCH_013,CURWU9383K,4095
TENANT_001,Razorpay,LEAK_BATCH_013__94ea3580,LEAK_BATCH_013_PAY_0137,INV-10486,VOUCH-10486,Operating_Ledger,VEND-5486,Rohan Kumar,Rohan Kumar,,,rohan.kumar65@okaxis,2036.746,INR,UPI,UPI,cashback,2026-06-27 11:20:00,2026-06-27,leak_batch_013-0137-bank,leak_batch_013-0137-approval,leak_batch_013-0137-idemp,Generated leakage training batch LEAK_BATCH_013,MHBRF3269E,1501
TENANT_001,Razorpay,LEAK_BATCH_013__94ea3580,LEAK_BATCH_013_PAY_0138,INV-10389,VOUCH-10389,Operating_Ledger,VEND-5389,Rahul Reddy,Rahul Reddy,,,rahul.reddy27@okaxis,1090.903,INR,UPI,UPI,payout,2026-06-27 08:00:00,2026-06-27,leak_batch_013-0138-bank,leak_batch_013-0138-approval,leak_batch_013-0138-idemp,Generated leakage training batch LEAK_BATCH_013,OFUKN9873M,3224
TENANT_001,Razorpay,LEAK_BATCH_013__94ea3580,LEAK_BATCH_013_PAY_0139,INV-11223,VOUCH-11223,Operating_Ledger,VEND-6223,Anjali Sharma,Anjali Sharma,38468963751,ICIC0723766,,1871.097,INR,BANK_TRANSFER,IMPS,refund,2026-06-27 14:10:00,2026-06-27,leak_batch_013-0139-bank,leak_batch_013-0139-approval,leak_batch_013-0139-idemp,Generated leakage training batch LEAK_BATCH_013,VIQUP9704X,65
TENANT_001,Razorpay,LEAK_BATCH_013__94ea3580,LEAK_BATCH_013_PAY_0140,INV-10949,VOUCH-10949,Operating_Ledger,VEND-5949,Priya Nair,Priya Nair,55507732172,ICIC0383094,,4337.902,INR,BANK_TRANSFER,IMPS,salary,2026-06-27 13:30:00,2026-06-27,leak_batch_013-0140-bank,leak_batch_013-0140-approval,leak_batch_013-0140-idemp,Generated leakage training batch LEAK_BATCH_013,XKAZW3479B,7871
TENANT_001,Razorpay,LEAK_BATCH_013__94ea3580,LEAK_BATCH_013_PAY_0141,INV-10264,VOUCH-10264,Operating_Ledger,VEND-5264,Priya Gupta,Priya Gupta,88674919584,BARB0961407,,3291.205,INR,BANK_TRANSFER,IMPS,cashback,2026-06-27 14:50:00,2026-06-27,leak_batch_013-0141-bank,leak_batch_013-0141-approval,leak_batch_013-0141-idemp,Generated leakage training batch LEAK_BATCH_013,NYZDG4920F,5027
TENANT_001,Razorpay,LEAK_BATCH_013__94ea3580,LEAK_BATCH_013_PAY_0142,INV-10581,VOUCH-10581,Operating_Ledger,VEND-5581,Amit Kumar,Amit Kumar,7.87422E+11,KKBK0435909,,598.154,INR,BANK_TRANSFER,IMPS,salary,2026-06-27 13:30:00,2026-06-27,leak_batch_013-0142-bank,leak_batch_013-0142-approval,leak_batch_013-0142-idemp,Generated leakage training batch LEAK_BATCH_013,AXCON7281P,3396
TENANT_001,Razorpay,LEAK_BATCH_013__94ea3580,LEAK_BATCH_013_PAY_0143,INV-10030,VOUCH-10030,Operating_Ledger,VEND-5030,Anjali Patel,Anjali Patel,7.03772E+11,BARB0562990,,2104.972,INR,BANK_TRANSFER,IMPS,refund,2026-06-27 17:40:00,2026-06-27,leak_batch_013-0143-bank,leak_batch_013-0143-approval,leak_batch_013-0143-idemp,Generated leakage training batch LEAK_BATCH_013,KWXTL0395Q,1320
TENANT_001,Razorpay,LEAK_BATCH_013__94ea3580,LEAK_BATCH_013_PAY_0144,INV-10900,VOUCH-10900,Operating_Ledger,VEND-5900,Neha Singh,Neha Singh,,,neha.singh13@okaxis,522.256,INR,UPI,UPI,cashback,2026-06-27 10:40:00,2026-06-27,leak_batch_013-0144-bank,leak_batch_013-0144-approval,leak_batch_013-0144-idemp,Generated leakage training batch LEAK_BATCH_013,VOYNE6647S,2594
TENANT_001,Razorpay,LEAK_BATCH_013__94ea3580,LEAK_BATCH_013_PAY_0145,INV-10946,VOUCH-10946,Operating_Ledger,VEND-5946,Anjali Kumar,Anjali Kumar,,,anjali.kumar42@okaxis,503.357,INR,UPI,UPI,refund,2026-06-27 13:10:00,2026-06-27,leak_batch_013-0145-bank,leak_batch_013-0145-approval,leak_batch_013-0145-idemp,Generated leakage training batch LEAK_BATCH_013,FNLCG5606I,2546
TENANT_001,Razorpay,LEAK_BATCH_013__94ea3580,LEAK_BATCH_013_PAY_0146,INV-11135,VOUCH-11135,Operating_Ledger,VEND-6135,Sneha Joshi,Sneha Joshi,7.64477E+11,SBIN0391922,,1412.181,INR,BANK_TRANSFER,IMPS,salary,2026-06-27 18:30:00,2026-06-27,leak_batch_013-0146-bank,leak_batch_013-0146-approval,leak_batch_013-0146-idemp,Generated leakage training batch LEAK_BATCH_013,ORGTM1584J,6555
TENANT_001,Razorpay,LEAK_BATCH_013__94ea3580,LEAK_BATCH_013_PAY_0147,INV-11861,VOUCH-11861,Operating_Ledger,VEND-6861,Amit Nair,Amit Nair,,,amit.nair62@okaxis,4995.693,INR,UPI,UPI,salary,2026-06-27 08:20:00,2026-06-27,leak_batch_013-0147-bank,leak_batch_013-0147-approval,leak_batch_013-0147-idemp,Generated leakage training batch LEAK_BATCH_013,ADTHK1078P,1267
TENANT_001,Razorpay,LEAK_BATCH_013__94ea3580,LEAK_BATCH_013_PAY_0148,INV-10102,VOUCH-10102,Operating_Ledger,VEND-5102,Rohan Verma,Rohan Verma,,,rohan.verma68@okaxis,1067.196,INR,UPI,UPI,salary,2026-06-27 10:10:00,2026-06-27,leak_batch_013-0148-bank,leak_batch_013-0148-approval,leak_batch_013-0148-idemp,Generated leakage training batch LEAK_BATCH_013,VQIEE2006Y,9019
TENANT_001,Razorpay,LEAK_BATCH_013__94ea3580,LEAK_BATCH_013_PAY_0149,INV-10788,VOUCH-10788,Operating_Ledger,VEND-5788,Vikram Singh,Vikram Singh,,,vikram.singh88@okaxis,498.126,INR,UPI,UPI,payout,2026-06-27 13:00:00,2026-06-27,leak_batch_013-0149-bank,leak_batch_013-0149-approval,leak_batch_013-0149-idemp,Generated leakage training batch LEAK_BATCH_013,QOGPC9623G,3976
TENANT_001,Razorpay,LEAK_BATCH_013__94ea3580,LEAK_BATCH_013_PAY_0150,INV-10432,VOUCH-10432,Operating_Ledger,VEND-5432,Sanjay Singh,Sanjay Singh,3.14469E+11,HDFC0291998,,1530.855,INR,BANK_TRANSFER,IMPS,refund,2026-06-27 08:50:00,2026-06-27,leak_batch_013-0150-bank,leak_batch_013-0150-approval,leak_batch_013-0150-idemp,Generated leakage training batch LEAK_BATCH_013,TVTJN9568P,1966
TENANT_001,Razorpay,LEAK_BATCH_013__94ea3580,LEAK_BATCH_013_PAY_0151,INV-11111,VOUCH-11111,Operating_Ledger,VEND-6111,Sanjay Kumar,Sanjay Kumar,2.40305E+11,BARB0239635,,441.135,INR,BANK_TRANSFER,IMPS,salary,2026-06-27 14:10:00,2026-06-27,leak_batch_013-0151-bank,leak_batch_013-0151-approval,leak_batch_013-0151-idemp,Generated leakage training batch LEAK_BATCH_013,JMIDX3954M,1226
TENANT_001,Razorpay,LEAK_BATCH_013__94ea3580,LEAK_BATCH_013_PAY_0152,INV-10202,VOUCH-10202,Operating_Ledger,VEND-5202,Priya Nair,Priya Nair,,,priya.nair69@okaxis,4526.756,INR,UPI,UPI,salary,2026-06-27 13:50:00,2026-06-27,leak_batch_013-0152-bank,leak_batch_013-0152-approval,leak_batch_013-0152-idemp,Generated leakage training batch LEAK_BATCH_013,VKQNY1297S,5223
TENANT_001,Razorpay,LEAK_BATCH_013__94ea3580,LEAK_BATCH_013_PAY_0153,INV-11450,VOUCH-11450,Operating_Ledger,VEND-6450,Rohan Kumar,Rohan Kumar,2.36658E+11,KKBK0884557,,4337.205,INR,BANK_TRANSFER,IMPS,cashback,2026-06-27 16:30:00,2026-06-27,leak_batch_013-0153-bank,leak_batch_013-0153-approval,leak_batch_013-0153-idemp,Generated leakage training batch LEAK_BATCH_013,FBGLD3884M,3972
TENANT_001,Razorpay,LEAK_BATCH_013__94ea3580,LEAK_BATCH_013_PAY_0154,INV-10681,VOUCH-10681,Operating_Ledger,VEND-5681,Neha Gupta,Neha Gupta,9.232E+11,AXIS0134187,,4959.526,INR,BANK_TRANSFER,IMPS,cashback,2026-06-27 10:00:00,2026-06-27,leak_batch_013-0154-bank,leak_batch_013-0154-approval,leak_batch_013-0154-idemp,Generated leakage training batch LEAK_BATCH_013,AEBDU4990Z,1682
TENANT_001,Razorpay,LEAK_BATCH_013__94ea3580,LEAK_BATCH_013_PAY_0155,INV-10212,VOUCH-10212,Operating_Ledger,VEND-5212,Vikram Sharma,Vikram Sharma,84305212504,KKBK0715713,,1070.809,INR,BANK_TRANSFER,IMPS,cashback,2026-06-27 10:10:00,2026-06-27,leak_batch_013-0155-bank,leak_batch_013-0155-approval,leak_batch_013-0155-idemp,Generated leakage training batch LEAK_BATCH_013,WFMLA8821Z,6651
TENANT_001,Razorpay,LEAK_BATCH_013__94ea3580,LEAK_BATCH_013_PAY_0156,INV-10069,VOUCH-10069,Operating_Ledger,VEND-5069,Rohan Joshi,Rohan Joshi,4.53428E+11,HDFC0116229,,1544.373,INR,BANK_TRANSFER,IMPS,refund,2026-06-27 17:50:00,2026-06-27,leak_batch_013-0156-bank,leak_batch_013-0156-approval,leak_batch_013-0156-idemp,Generated leakage training batch LEAK_BATCH_013,AJVPO0397L,4856
TENANT_001,Razorpay,LEAK_BATCH_013__94ea3580,LEAK_BATCH_013_PAY_0157,INV-11972,VOUCH-11972,Operating_Ledger,VEND-6972,Vikram Gupta,Vikram Gupta,,,vikram.gupta49@okaxis,471.411,INR,UPI,UPI,cashback,2026-06-27 08:10:00,2026-06-27,leak_batch_013-0157-bank,leak_batch_013-0157-approval,leak_batch_013-0157-idemp,Generated leakage training batch LEAK_BATCH_013,XDFHG4642Q,5072
TENANT_001,Razorpay,LEAK_BATCH_013__94ea3580,LEAK_BATCH_013_PAY_0158,INV-10720,VOUCH-10720,Operating_Ledger,VEND-5720,Rahul Sharma,Rahul Sharma,,,rahul.sharma69@okaxis,2574.702,INR,UPI,UPI,salary,2026-06-27 15:30:00,2026-06-27,leak_batch_013-0158-bank,leak_batch_013-0158-approval,leak_batch_013-0158-idemp,Generated leakage training batch LEAK_BATCH_013,PWZUE2395S,2952
TENANT_001,Razorpay,LEAK_BATCH_013__94ea3580,LEAK_BATCH_013_PAY_0159,INV-10366,VOUCH-10366,Operating_Ledger,VEND-5366,Rohan Joshi,Rohan Joshi,2.5116E+11,SBIN0962712,,1468.585,INR,BANK_TRANSFER,IMPS,cashback,2026-06-27 09:00:00,2026-06-27,leak_batch_013-0159-bank,leak_batch_013-0159-approval,leak_batch_013-0159-idemp,Generated leakage training batch LEAK_BATCH_013,MTAFO2293E,5269
TENANT_001,Razorpay,LEAK_BATCH_013__94ea3580,LEAK_BATCH_013_PAY_0160,INV-11742,VOUCH-11742,Operating_Ledger,VEND-6742,Deepak Singh,Deepak Singh,,,deepak.singh85@okaxis,3128.618,INR,UPI,UPI,refund,2026-06-27 17:50:00,2026-06-27,leak_batch_013-0160-bank,leak_batch_013-0160-approval,leak_batch_013-0160-idemp,Generated leakage training batch LEAK_BATCH_013,EBBBA4789C,1783
TENANT_001,Razorpay,LEAK_BATCH_013__94ea3580,LEAK_BATCH_013_PAY_0161,INV-11741,VOUCH-11741,Operating_Ledger,VEND-6741,Neha Verma,Neha Verma,9.20894E+11,HDFC0530097,,855.808,INR,BANK_TRANSFER,IMPS,payout,2026-06-27 11:50:00,2026-06-27,leak_batch_013-0161-bank,leak_batch_013-0161-approval,leak_batch_013-0161-idemp,Generated leakage training batch LEAK_BATCH_013,RBHJR9567A,871
TENANT_001,Razorpay,LEAK_BATCH_013__94ea3580,LEAK_BATCH_013_PAY_0162,INV-11807,VOUCH-11807,Operating_Ledger,VEND-6807,Deepak Kumar,Deepak Kumar,,,deepak.kumar36@okaxis,3701.447,INR,UPI,UPI,refund,2026-06-27 17:00:00,2026-06-27,leak_batch_013-0162-bank,leak_batch_013-0162-approval,leak_batch_013-0162-idemp,Generated leakage training batch LEAK_BATCH_013,WWBYR5112D,4098
TENANT_001,Razorpay,LEAK_BATCH_013__94ea3580,LEAK_BATCH_013_PAY_0163,INV-10791,VOUCH-10791,Operating_Ledger,VEND-5791,Rohan Sharma,Rohan Sharma,,,rohan.sharma83@okaxis,2156.912,INR,UPI,UPI,salary,2026-06-27 15:40:00,2026-06-27,leak_batch_013-0163-bank,leak_batch_013-0163-approval,leak_batch_013-0163-idemp,Generated leakage training batch LEAK_BATCH_013,YPGVV7114V,7145
TENANT_001,Razorpay,LEAK_BATCH_013__94ea3580,LEAK_BATCH_013_PAY_0164,INV-11586,VOUCH-11586,Operating_Ledger,VEND-6586,Neha Reddy,Neha Reddy,,,neha.reddy86@okaxis,269.974,INR,UPI,UPI,cashback,2026-06-27 08:00:00,2026-06-27,leak_batch_013-0164-bank,leak_batch_013-0164-approval,leak_batch_013-0164-idemp,Generated leakage training batch LEAK_BATCH_013,RZTJR7876L,7876
TENANT_001,Razorpay,LEAK_BATCH_013__94ea3580,LEAK_BATCH_013_PAY_0165,INV-10362,VOUCH-10362,Operating_Ledger,VEND-5362,Neha Joshi,Neha Joshi,2.80412E+11,BARB0846660,,1500.531,INR,BANK_TRANSFER,IMPS,cashback,2026-06-27 11:50:00,2026-06-27,leak_batch_013-0165-bank,leak_batch_013-0165-approval,leak_batch_013-0165-idemp,Generated leakage training batch LEAK_BATCH_013,LBGIS5567C,296
TENANT_001,Razorpay,LEAK_BATCH_013__94ea3580,LEAK_BATCH_013_PAY_0166,INV-10121,VOUCH-10121,Operating_Ledger,VEND-5121,Anjali Singh,Anjali Singh,,,anjali.singh95@okaxis,4313.067,INR,UPI,UPI,refund,2026-06-27 12:00:00,2026-06-27,leak_batch_013-0166-bank,leak_batch_013-0166-approval,leak_batch_013-0166-idemp,Generated leakage training batch LEAK_BATCH_013,TWZVD2618O,2320
TENANT_001,Razorpay,LEAK_BATCH_013__94ea3580,LEAK_BATCH_013_PAY_0167,INV-11987,VOUCH-11987,Operating_Ledger,VEND-6987,Vikram Kumar,Vikram Kumar,2.03071E+11,ICIC0676581,,1618.372,INR,BANK_TRANSFER,IMPS,refund,2026-06-27 12:40:00,2026-06-27,leak_batch_013-0167-bank,leak_batch_013-0167-approval,leak_batch_013-0167-idemp,Generated leakage training batch LEAK_BATCH_013,FBVFA7779A,1830
TENANT_001,Razorpay,LEAK_BATCH_013__94ea3580,LEAK_BATCH_013_PAY_0168,INV-11432,VOUCH-11432,Operating_Ledger,VEND-6432,Deepak Nair,Deepak Nair,,,deepak.nair91@okaxis,2365.788,INR,UPI,UPI,payout,2026-06-27 14:10:00,2026-06-27,leak_batch_013-0168-bank,leak_batch_013-0168-approval,leak_batch_013-0168-idemp,Generated leakage training batch LEAK_BATCH_013,ATTAR1270X,809
TENANT_001,Razorpay,LEAK_BATCH_013__94ea3580,LEAK_BATCH_013_PAY_0169,INV-11540,VOUCH-11540,Operating_Ledger,VEND-6540,Priya Sharma,Priya Sharma,3.50529E+11,ICIC0874758,,250.108,INR,BANK_TRANSFER,IMPS,payout,2026-06-27 17:40:00,2026-06-27,leak_batch_013-0169-bank,leak_batch_013-0169-approval,leak_batch_013-0169-idemp,Generated leakage training batch LEAK_BATCH_013,DKJCH6155H,9463
TENANT_001,Razorpay,LEAK_BATCH_013__94ea3580,LEAK_BATCH_013_PAY_0170,INV-10137,VOUCH-10137,Operating_Ledger,VEND-5137,Rahul Singh,Rahul Singh,4.20423E+11,BARB0753260,,1347.854,INR,BANK_TRANSFER,IMPS,salary,2026-06-27 10:50:00,2026-06-27,leak_batch_013-0170-bank,leak_batch_013-0170-approval,leak_batch_013-0170-idemp,Generated leakage training batch LEAK_BATCH_013,WFWYB4284V,1926
TENANT_001,Razorpay,LEAK_BATCH_013__94ea3580,LEAK_BATCH_013_PAY_0171,INV-11808,VOUCH-11808,Operating_Ledger,VEND-6808,Amit Kumar,Amit Kumar,,,amit.kumar19@okaxis,3276.129,INR,UPI,UPI,payout,2026-06-27 10:00:00,2026-06-27,leak_batch_013-0171-bank,leak_batch_013-0171-approval,leak_batch_013-0171-idemp,Generated leakage training batch LEAK_BATCH_013,OTYBQ5808H,8666
TENANT_001,Razorpay,LEAK_BATCH_013__94ea3580,LEAK_BATCH_013_PAY_0172,INV-10813,VOUCH-10813,Operating_Ledger,VEND-5813,Amit Nair,Amit Nair,3.90198E+11,BARB0399090,,1049.93,INR,BANK_TRANSFER,IMPS,salary,2026-06-27 15:30:00,2026-06-27,leak_batch_013-0172-bank,leak_batch_013-0172-approval,leak_batch_013-0172-idemp,Generated leakage training batch LEAK_BATCH_013,IDBCM6478K,54
TENANT_001,Razorpay,LEAK_BATCH_013__94ea3580,LEAK_BATCH_013_PAY_0173,INV-11814,VOUCH-11814,Operating_Ledger,VEND-6814,Deepak Gupta,Deepak Gupta,,,deepak.gupta10@okaxis,886.209,INR,UPI,UPI,payout,2026-06-27 14:30:00,2026-06-27,leak_batch_013-0173-bank,leak_batch_013-0173-approval,leak_batch_013-0173-idemp,Generated leakage training batch LEAK_BATCH_013,WJGYE9361E,7418
TENANT_001,Razorpay,LEAK_BATCH_013__94ea3580,LEAK_BATCH_013_PAY_0174,INV-11514,VOUCH-11514,Operating_Ledger,VEND-6514,Vikram Mehra,Vikram Mehra,,,vikram.mehra45@okaxis,4459.831,INR,UPI,UPI,cashback,2026-06-27 12:20:00,2026-06-27,leak_batch_013-0174-bank,leak_batch_013-0174-approval,leak_batch_013-0174-idemp,Generated leakage training batch LEAK_BATCH_013,JLPFI1603O,2848
TENANT_001,Razorpay,LEAK_BATCH_013__94ea3580,LEAK_BATCH_013_PAY_0175,INV-11824,VOUCH-11824,Operating_Ledger,VEND-6824,Priya Verma,Priya Verma,,,priya.verma63@okaxis,301.435,INR,UPI,UPI,payout,2026-06-27 12:00:00,2026-06-27,leak_batch_013-0175-bank,leak_batch_013-0175-approval,leak_batch_013-0175-idemp,Generated leakage training batch LEAK_BATCH_013,UJUOA0692L,4547
TENANT_001,Razorpay,LEAK_BATCH_013__94ea3580,LEAK_BATCH_013_PAY_0176,INV-11318,VOUCH-11318,Operating_Ledger,VEND-6318,Rahul Verma,Rahul Verma,,,rahul.verma56@okaxis,4185.671,INR,UPI,UPI,payout,2026-06-27 14:10:00,2026-06-27,leak_batch_013-0176-bank,leak_batch_013-0176-approval,leak_batch_013-0176-idemp,Generated leakage training batch LEAK_BATCH_013,FJSEV1467P,1810
TENANT_001,Razorpay,LEAK_BATCH_013__94ea3580,LEAK_BATCH_013_PAY_0177,INV-10270,VOUCH-10270,Operating_Ledger,VEND-5270,Rahul Reddy,Rahul Reddy,,,rahul.reddy86@okaxis,3679.49,INR,UPI,UPI,cashback,2026-06-27 12:10:00,2026-06-27,leak_batch_013-0177-bank,leak_batch_013-0177-approval,leak_batch_013-0177-idemp,Generated leakage training batch LEAK_BATCH_013,HVJLL8008L,6224
TENANT_001,Razorpay,LEAK_BATCH_013__94ea3580,LEAK_BATCH_013_PAY_0178,INV-11645,VOUCH-11645,Operating_Ledger,VEND-6645,Anjali Reddy,Anjali Reddy,8.69612E+11,HDFC0379550,,4566.205,INR,BANK_TRANSFER,IMPS,refund,2026-06-27 10:00:00,2026-06-27,leak_batch_013-0178-bank,leak_batch_013-0178-approval,leak_batch_013-0178-idemp,Generated leakage training batch LEAK_BATCH_013,PICZR0924E,6887
TENANT_001,Razorpay,LEAK_BATCH_013__94ea3580,LEAK_BATCH_013_PAY_0179,INV-11794,VOUCH-11794,Operating_Ledger,VEND-6794,Priya Gupta,Priya Gupta,,,priya.gupta47@okaxis,2132.533,INR,UPI,UPI,cashback,2026-06-27 10:40:00,2026-06-27,leak_batch_013-0179-bank,leak_batch_013-0179-approval,leak_batch_013-0179-idemp,Generated leakage training batch LEAK_BATCH_013,MRUOK3258D,2488
TENANT_001,Razorpay,LEAK_BATCH_013__94ea3580,LEAK_BATCH_013_PAY_0180,INV-10587,VOUCH-10587,Operating_Ledger,VEND-5587,Sneha Joshi,Sneha Joshi,,,sneha.joshi78@okaxis,1331.628,INR,UPI,UPI,cashback,2026-06-27 14:50:00,2026-06-27,leak_batch_013-0180-bank,leak_batch_013-0180-approval,leak_batch_013-0180-idemp,Generated leakage training batch LEAK_BATCH_013,XTEKD9514U,5272
TENANT_001,Razorpay,LEAK_BATCH_013__94ea3580,LEAK_BATCH_013_PAY_0181,INV-11604,VOUCH-11604,Operating_Ledger,VEND-6604,Rohan Verma,Rohan Verma,7.57418E+11,KKBK0597681,,4052.059,INR,BANK_TRANSFER,IMPS,payout,2026-06-27 10:20:00,2026-06-27,leak_batch_013-0181-bank,leak_batch_013-0181-approval,leak_batch_013-0181-idemp,Generated leakage training batch LEAK_BATCH_013,ZWLNG5514T,2730
TENANT_001,Razorpay,LEAK_BATCH_013__94ea3580,LEAK_BATCH_013_PAY_0182,INV-11107,VOUCH-11107,Operating_Ledger,VEND-6107,Sneha Verma,Sneha Verma,5.681E+11,SBIN0588689,,2789.737,INR,BANK_TRANSFER,IMPS,payout,2026-06-27 11:10:00,2026-06-27,leak_batch_013-0182-bank,leak_batch_013-0182-approval,leak_batch_013-0182-idemp,Generated leakage training batch LEAK_BATCH_013,ZBFLS3444N,8234
TENANT_001,Razorpay,LEAK_BATCH_013__94ea3580,LEAK_BATCH_013_PAY_0183,INV-10989,VOUCH-10989,Operating_Ledger,VEND-5989,Rahul Mehra,Rahul Mehra,,,rahul.mehra69@okaxis,2950.868,INR,UPI,UPI,cashback,2026-06-27 10:50:00,2026-06-27,leak_batch_013-0183-bank,leak_batch_013-0183-approval,leak_batch_013-0183-idemp,Generated leakage training batch LEAK_BATCH_013,KIMHF0970R,5826
TENANT_001,Razorpay,LEAK_BATCH_013__94ea3580,LEAK_BATCH_013_PAY_0184,INV-11795,VOUCH-11795,Operating_Ledger,VEND-6795,Vikram Mehra,Vikram Mehra,,,vikram.mehra71@okaxis,3366.789,INR,UPI,UPI,refund,2026-06-27 08:10:00,2026-06-27,leak_batch_013-0184-bank,leak_batch_013-0184-approval,leak_batch_013-0184-idemp,Generated leakage training batch LEAK_BATCH_013,KFDBK5435D,7300
TENANT_001,Razorpay,LEAK_BATCH_013__94ea3580,LEAK_BATCH_013_PAY_0185,INV-10004,VOUCH-10004,Operating_Ledger,VEND-5004,Rohan Reddy,Rohan Reddy,,,rohan.reddy18@okaxis,1252.316,INR,UPI,UPI,refund,2026-06-27 09:10:00,2026-06-27,leak_batch_013-0185-bank,leak_batch_013-0185-approval,leak_batch_013-0185-idemp,Generated leakage training batch LEAK_BATCH_013,URFPT2837K,9521
TENANT_001,Razorpay,LEAK_BATCH_013__94ea3580,LEAK_BATCH_013_PAY_0186,INV-10119,VOUCH-10119,Operating_Ledger,VEND-5119,Deepak Reddy,Deepak Reddy,7.2792E+11,BARB0910640,,252.418,INR,BANK_TRANSFER,IMPS,cashback,2026-06-27 17:40:00,2026-06-27,leak_batch_013-0186-bank,leak_batch_013-0186-approval,leak_batch_013-0186-idemp,Generated leakage training batch LEAK_BATCH_013,YGXUZ7882S,4014
TENANT_001,Razorpay,LEAK_BATCH_013__94ea3580,LEAK_BATCH_013_PAY_0187,INV-10635,VOUCH-10635,Operating_Ledger,VEND-5635,Sanjay Patel,Sanjay Patel,,,sanjay.patel81@okaxis,3136.126,INR,UPI,UPI,payout,2026-06-27 12:00:00,2026-06-27,leak_batch_013-0187-bank,leak_batch_013-0187-approval,leak_batch_013-0187-idemp,Generated leakage training batch LEAK_BATCH_013,ZUJIJ1013F,2704
TENANT_001,Razorpay,LEAK_BATCH_013__94ea3580,LEAK_BATCH_013_PAY_0188,INV-11926,VOUCH-11926,Operating_Ledger,VEND-6926,Anjali Mehra,Anjali Mehra,4.60805E+11,BARB0874821,,4293.999,INR,BANK_TRANSFER,IMPS,salary,2026-06-27 12:40:00,2026-06-27,leak_batch_013-0188-bank,leak_batch_013-0188-approval,leak_batch_013-0188-idemp,Generated leakage training batch LEAK_BATCH_013,FIUNM7586Z,7476
TENANT_001,Razorpay,LEAK_BATCH_013__94ea3580,LEAK_BATCH_013_PAY_0189,INV-10620,VOUCH-10620,Operating_Ledger,VEND-5620,Vikram Patel,Vikram Patel,3.20224E+11,AXIS0212973,,1013.526,INR,BANK_TRANSFER,IMPS,cashback,2026-06-27 17:50:00,2026-06-27,leak_batch_013-0189-bank,leak_batch_013-0189-approval,leak_batch_013-0189-idemp,Generated leakage training batch LEAK_BATCH_013,HOHXD4872K,2645
TENANT_001,Razorpay,LEAK_BATCH_013__94ea3580,LEAK_BATCH_013_PAY_0190,INV-10036,VOUCH-10036,Operating_Ledger,VEND-5036,Anjali Singh,Anjali Singh,2.89183E+11,AXIS0831571,,4376.109,INR,BANK_TRANSFER,IMPS,payout,2026-06-27 18:00:00,2026-06-27,leak_batch_013-0190-bank,leak_batch_013-0190-approval,leak_batch_013-0190-idemp,Generated leakage training batch LEAK_BATCH_013,DUFEZ8025Z,7072
TENANT_001,Razorpay,LEAK_BATCH_013__94ea3580,LEAK_BATCH_013_PAY_0191,INV-10624,VOUCH-10624,Operating_Ledger,VEND-5624,Vikram Singh,Vikram Singh,,,vikram.singh99@okaxis,270.844,INR,UPI,UPI,payout,2026-06-27 18:50:00,2026-06-27,leak_batch_013-0191-bank,leak_batch_013-0191-approval,leak_batch_013-0191-idemp,Generated leakage training batch LEAK_BATCH_013,BIBJX3765L,4144
TENANT_001,Razorpay,LEAK_BATCH_013__94ea3580,LEAK_BATCH_013_PAY_0192,INV-11067,VOUCH-11067,Operating_Ledger,VEND-6067,Rahul Verma,Rahul Verma,4.97012E+11,SBIN0474036,,3836.963,INR,BANK_TRANSFER,IMPS,cashback,2026-06-27 08:30:00,2026-06-27,leak_batch_013-0192-bank,leak_batch_013-0192-approval,leak_batch_013-0192-idemp,Generated leakage training batch LEAK_BATCH_013,PPSPQ5189J,2576
TENANT_001,Razorpay,LEAK_BATCH_013__94ea3580,LEAK_BATCH_013_PAY_0193,INV-10328,VOUCH-10328,Operating_Ledger,VEND-5328,Neha Verma,Neha Verma,44488181539,ICIC0813411,,3950.79,INR,BANK_TRANSFER,IMPS,refund,2026-06-27 08:50:00,2026-06-27,leak_batch_013-0193-bank,leak_batch_013-0193-approval,leak_batch_013-0193-idemp,Generated leakage training batch LEAK_BATCH_013,EDPZP5458L,1480
TENANT_001,Razorpay,LEAK_BATCH_013__94ea3580,LEAK_BATCH_013_PAY_0194,INV-11327,VOUCH-11327,Operating_Ledger,VEND-6327,Sneha Gupta,Sneha Gupta,9.08999E+11,ICIC0189143,,3434.864,INR,BANK_TRANSFER,IMPS,cashback,2026-06-27 09:00:00,2026-06-27,leak_batch_013-0194-bank,leak_batch_013-0194-approval,leak_batch_013-0194-idemp,Generated leakage training batch LEAK_BATCH_013,GLYOM9567T,1439
TENANT_001,Razorpay,LEAK_BATCH_013__94ea3580,LEAK_BATCH_013_PAY_0195,INV-11857,VOUCH-11857,Operating_Ledger,VEND-6857,Priya Mehra,Priya Mehra,,,priya.mehra98@okaxis,735.665,INR,UPI,UPI,refund,2026-06-27 15:40:00,2026-06-27,leak_batch_013-0195-bank,leak_batch_013-0195-approval,leak_batch_013-0195-idemp,Generated leakage training batch LEAK_BATCH_013,WQHDJ8217D,3593
TENANT_001,Razorpay,LEAK_BATCH_013__94ea3580,LEAK_BATCH_013_PAY_0196,INV-10099,VOUCH-10099,Operating_Ledger,VEND-5099,Rahul Reddy,Rahul Reddy,38782867259,KKBK0518775,,3072.674,INR,BANK_TRANSFER,IMPS,payout,2026-06-27 09:10:00,2026-06-27,leak_batch_013-0196-bank,leak_batch_013-0196-approval,leak_batch_013-0196-idemp,Generated leakage training batch LEAK_BATCH_013,HGAAS4662T,9833
TENANT_001,Razorpay,LEAK_BATCH_013__94ea3580,LEAK_BATCH_013_PAY_0197,INV-10243,VOUCH-10243,Operating_Ledger,VEND-5243,Vikram Gupta,Vikram Gupta,,,vikram.gupta29@okaxis,1747.191,INR,UPI,UPI,salary,2026-06-27 16:40:00,2026-06-27,leak_batch_013-0197-bank,leak_batch_013-0197-approval,leak_batch_013-0197-idemp,Generated leakage training batch LEAK_BATCH_013,YAWMT0637D,950
TENANT_001,Razorpay,LEAK_BATCH_013__94ea3580,LEAK_BATCH_013_PAY_0198,INV-10533,VOUCH-10533,Operating_Ledger,VEND-5533,Rahul Singh,Rahul Singh,,,rahul.singh49@okaxis,1671.565,INR,UPI,UPI,payout,2026-06-27 08:20:00,2026-06-27,leak_batch_013-0198-bank,leak_batch_013-0198-approval,leak_batch_013-0198-idemp,Generated leakage training batch LEAK_BATCH_013,DMBHO0497B,2760
TENANT_001,Razorpay,LEAK_BATCH_013__94ea3580,LEAK_BATCH_013_PAY_0199,INV-10651,VOUCH-10651,Operating_Ledger,VEND-5651,Priya Mehra,Priya Mehra,78898814876,BARB0843479,,3041.789,INR,BANK_TRANSFER,IMPS,refund,2026-06-27 08:10:00,2026-06-27,leak_batch_013-0199-bank,leak_batch_013-0199-approval,leak_batch_013-0199-idemp,Generated leakage training batch LEAK_BATCH_013,HFURE4107Q,6955
TENANT_001,Razorpay,LEAK_BATCH_013__94ea3580,LEAK_BATCH_013_PAY_0200,INV-11833,VOUCH-11833,Operating_Ledger,VEND-6833,Rahul Singh,Rahul Singh,87927011367,AXIS0308257,,4666.28,INR,BANK_TRANSFER,IMPS,salary,2026-06-27 14:40:00,2026-06-27,leak_batch_013-0200-bank,leak_batch_013-0200-approval,leak_batch_013-0200-idemp,Generated leakage training batch LEAK_BATCH_013,LDFPJ5449B,4724
TENANT_001,Razorpay,LEAK_BATCH_013__94ea3580,LEAK_BATCH_013_PAY_0201,INV-10233,VOUCH-10233,Operating_Ledger,VEND-5233,Rahul Gupta,Rahul Gupta,6.87864E+11,BARB0363420,,4462.672,INR,BANK_TRANSFER,IMPS,salary,2026-06-27 11:00:00,2026-06-27,leak_batch_013-0201-bank,leak_batch_013-0201-approval,leak_batch_013-0201-idemp,Generated leakage training batch LEAK_BATCH_013,LHRWW1825B,1899
TENANT_001,Razorpay,LEAK_BATCH_013__94ea3580,LEAK_BATCH_013_PAY_0202,INV-10443,VOUCH-10443,Operating_Ledger,VEND-5443,Deepak Mehra,Deepak Mehra,,,deepak.mehra22@okaxis,3486.695,INR,UPI,UPI,refund,2026-06-27 10:50:00,2026-06-27,leak_batch_013-0202-bank,leak_batch_013-0202-approval,leak_batch_013-0202-idemp,Generated leakage training batch LEAK_BATCH_013,CYTZT5955T,9699
TENANT_001,Razorpay,LEAK_BATCH_013__94ea3580,LEAK_BATCH_013_PAY_0203,INV-10763,VOUCH-10763,Operating_Ledger,VEND-5763,Priya Nair,Priya Nair,,,priya.nair20@okaxis,3469.428,INR,UPI,UPI,refund,2026-06-27 14:30:00,2026-06-27,leak_batch_013-0203-bank,leak_batch_013-0203-approval,leak_batch_013-0203-idemp,Generated leakage training batch LEAK_BATCH_013,KRSFX8269P,6162
TENANT_001,Razorpay,LEAK_BATCH_013__94ea3580,LEAK_BATCH_013_PAY_0204,INV-11675,VOUCH-11675,Operating_Ledger,VEND-6675,Anjali Gupta,Anjali Gupta,6.22532E+11,KKBK0910568,,1745.614,INR,BANK_TRANSFER,IMPS,salary,2026-06-27 09:50:00,2026-06-27,leak_batch_013-0204-bank,leak_batch_013-0204-approval,leak_batch_013-0204-idemp,Generated leakage training batch LEAK_BATCH_013,PVBRJ5031R,410
TENANT_001,Razorpay,LEAK_BATCH_013__94ea3580,LEAK_BATCH_013_PAY_0205,INV-10499,VOUCH-10499,Operating_Ledger,VEND-5499,Neha Joshi,Neha Joshi,,,neha.joshi49@okaxis,2697.069,INR,UPI,UPI,cashback,2026-06-27 18:10:00,2026-06-27,leak_batch_013-0205-bank,leak_batch_013-0205-approval,leak_batch_013-0205-idemp,Generated leakage training batch LEAK_BATCH_013,HVUUZ8503W,4117
TENANT_001,Razorpay,LEAK_BATCH_013__94ea3580,LEAK_BATCH_013_PAY_0206,INV-11845,VOUCH-11845,Operating_Ledger,VEND-6845,Deepak Verma,Deepak Verma,6.51767E+11,HDFC0206069,,4822.761,INR,BANK_TRANSFER,IMPS,cashback,2026-06-27 12:20:00,2026-06-27,leak_batch_013-0206-bank,leak_batch_013-0206-approval,leak_batch_013-0206-idemp,Generated leakage training batch LEAK_BATCH_013,JXZXB0750B,1058
TENANT_001,Razorpay,LEAK_BATCH_013__94ea3580,LEAK_BATCH_013_PAY_0207,INV-11997,VOUCH-11997,Operating_Ledger,VEND-6997,Sneha Verma,Sneha Verma,71788436207,SBIN0390834,,2214.849,INR,BANK_TRANSFER,IMPS,refund,2026-06-27 16:10:00,2026-06-27,leak_batch_013-0207-bank,leak_batch_013-0207-approval,leak_batch_013-0207-idemp,Generated leakage training batch LEAK_BATCH_013,RIPJG8524R,3374
TENANT_001,Razorpay,LEAK_BATCH_013__94ea3580,LEAK_BATCH_013_PAY_0208,INV-10506,VOUCH-10506,Operating_Ledger,VEND-5506,Rohan Reddy,Rohan Reddy,9.50823E+11,ICIC0536508,,4885.28,INR,BANK_TRANSFER,IMPS,refund,2026-06-27 10:20:00,2026-06-27,leak_batch_013-0208-bank,leak_batch_013-0208-approval,leak_batch_013-0208-idemp,Generated leakage training batch LEAK_BATCH_013,LTMIB2208C,1171
TENANT_001,Razorpay,LEAK_BATCH_013__94ea3580,LEAK_BATCH_013_PAY_0209,INV-10650,VOUCH-10650,Operating_Ledger,VEND-5650,Amit Gupta,Amit Gupta,7.35265E+11,AXIS0878986,,1726.633,INR,BANK_TRANSFER,IMPS,cashback,2026-06-27 17:20:00,2026-06-27,leak_batch_013-0209-bank,leak_batch_013-0209-approval,leak_batch_013-0209-idemp,Generated leakage training batch LEAK_BATCH_013,QPTZX3022B,29
TENANT_001,Razorpay,LEAK_BATCH_013__94ea3580,LEAK_BATCH_013_PAY_0210,INV-11362,VOUCH-11362,Operating_Ledger,VEND-6362,Deepak Joshi,Deepak Joshi,,,deepak.joshi17@okaxis,1200.67,INR,UPI,UPI,payout,2026-06-27 15:20:00,2026-06-27,leak_batch_013-0210-bank,leak_batch_013-0210-approval,leak_batch_013-0210-idemp,Generated leakage training batch LEAK_BATCH_013,MMZZU0253R,2987
TENANT_001,Razorpay,LEAK_BATCH_013__94ea3580,LEAK_BATCH_013_PAY_0211,INV-11881,VOUCH-11881,Operating_Ledger,VEND-6881,Neha Verma,Neha Verma,8.10503E+11,SBIN0854501,,1373.548,INR,BANK_TRANSFER,IMPS,refund,2026-06-27 08:10:00,2026-06-27,leak_batch_013-0211-bank,leak_batch_013-0211-approval,leak_batch_013-0211-idemp,Generated leakage training batch LEAK_BATCH_013,OPJWN7185X,3473
TENANT_001,Razorpay,LEAK_BATCH_013__94ea3580,LEAK_BATCH_013_PAY_0212,INV-10157,VOUCH-10157,Operating_Ledger,VEND-5157,Priya Singh,Priya Singh,5.26879E+11,BARB0349408,,634.834,INR,BANK_TRANSFER,IMPS,cashback,2026-06-27 17:40:00,2026-06-27,leak_batch_013-0212-bank,leak_batch_013-0212-approval,leak_batch_013-0212-idemp,Generated leakage training batch LEAK_BATCH_013,IOAIK2272V,7101
TENANT_001,Razorpay,LEAK_BATCH_013__94ea3580,LEAK_BATCH_013_PAY_0213,INV-10400,VOUCH-10400,Operating_Ledger,VEND-5400,Deepak Nair,Deepak Nair,,,deepak.nair85@okaxis,3034.719,INR,UPI,UPI,refund,2026-06-27 11:00:00,2026-06-27,leak_batch_013-0213-bank,leak_batch_013-0213-approval,leak_batch_013-0213-idemp,Generated leakage training batch LEAK_BATCH_013,CBSBQ6291P,8364
TENANT_001,Razorpay,LEAK_BATCH_013__94ea3580,LEAK_BATCH_013_PAY_0214,INV-10078,VOUCH-10078,Operating_Ledger,VEND-5078,Anjali Patel,Anjali Patel,,,anjali.patel93@okaxis,1012.119,INR,UPI,UPI,cashback,2026-06-27 14:10:00,2026-06-27,leak_batch_013-0214-bank,leak_batch_013-0214-approval,leak_batch_013-0214-idemp,Generated leakage training batch LEAK_BATCH_013,XRDGO4785P,3813
TENANT_001,Razorpay,LEAK_BATCH_013__94ea3580,LEAK_BATCH_013_PAY_0215,INV-11123,VOUCH-11123,Operating_Ledger,VEND-6123,Sneha Kumar,Sneha Kumar,,,sneha.kumar47@okaxis,3238.891,INR,UPI,UPI,salary,2026-06-27 09:40:00,2026-06-27,leak_batch_013-0215-bank,leak_batch_013-0215-approval,leak_batch_013-0215-idemp,Generated leakage training batch LEAK_BATCH_013,SSMOD0752C,5135
TENANT_001,Razorpay,LEAK_BATCH_013__94ea3580,LEAK_BATCH_013_PAY_0216,INV-11395,VOUCH-11395,Operating_Ledger,VEND-6395,Rahul Reddy,Rahul Reddy,,,rahul.reddy51@okaxis,338.963,INR,UPI,UPI,salary,2026-06-27 09:00:00,2026-06-27,leak_batch_013-0216-bank,leak_batch_013-0216-approval,leak_batch_013-0216-idemp,Generated leakage training batch LEAK_BATCH_013,DVMRQ2106G,6529
TENANT_001,Razorpay,LEAK_BATCH_013__94ea3580,LEAK_BATCH_013_PAY_0217,INV-10381,VOUCH-10381,Operating_Ledger,VEND-5381,Neha Joshi,Neha Joshi,3.55623E+11,KKBK0485711,,4152.164,INR,BANK_TRANSFER,IMPS,refund,2026-06-27 08:10:00,2026-06-27,leak_batch_013-0217-bank,leak_batch_013-0217-approval,leak_batch_013-0217-idemp,Generated leakage training batch LEAK_BATCH_013,FIRDY4099N,4335
TENANT_001,Razorpay,LEAK_BATCH_013__94ea3580,LEAK_BATCH_013_PAY_0218,INV-10383,VOUCH-10383,Operating_Ledger,VEND-5383,Rahul Reddy,Rahul Reddy,3.66492E+11,BARB0248109,,545.79,INR,BANK_TRANSFER,IMPS,salary,2026-06-27 18:30:00,2026-06-27,leak_batch_013-0218-bank,leak_batch_013-0218-approval,leak_batch_013-0218-idemp,Generated leakage training batch LEAK_BATCH_013,KZUCJ1767S,7276
TENANT_001,Razorpay,LEAK_BATCH_013__94ea3580,LEAK_BATCH_013_PAY_0219,INV-11365,VOUCH-11365,Operating_Ledger,VEND-6365,Rahul Kumar,Rahul Kumar,,,rahul.kumar68@okaxis,886.13,INR,UPI,UPI,cashback,2026-06-27 09:20:00,2026-06-27,leak_batch_013-0219-bank,leak_batch_013-0219-approval,leak_batch_013-0219-idemp,Generated leakage training batch LEAK_BATCH_013,NJHFI3816T,3262
TENANT_001,Razorpay,LEAK_BATCH_013__94ea3580,LEAK_BATCH_013_PAY_0220,INV-10314,VOUCH-10314,Operating_Ledger,VEND-5314,Anjali Gupta,Anjali Gupta,,,anjali.gupta30@okaxis,4656.176,INR,UPI,UPI,refund,2026-06-27 18:10:00,2026-06-27,leak_batch_013-0220-bank,leak_batch_013-0220-approval,leak_batch_013-0220-idemp,Generated leakage training batch LEAK_BATCH_013,BBPGM9616T,9544
TENANT_001,Razorpay,LEAK_BATCH_013__94ea3580,LEAK_BATCH_013_PAY_0221,INV-10045,VOUCH-10045,Operating_Ledger,VEND-5045,Amit Kumar,Amit Kumar,5.71065E+11,AXIS0321542,,1831.702,INR,BANK_TRANSFER,IMPS,payout,2026-06-27 10:00:00,2026-06-27,leak_batch_013-0221-bank,leak_batch_013-0221-approval,leak_batch_013-0221-idemp,Generated leakage training batch LEAK_BATCH_013,NNLOD3796Z,3284
TENANT_001,Razorpay,LEAK_BATCH_013__94ea3580,LEAK_BATCH_013_PAY_0222,INV-11069,VOUCH-11069,Operating_Ledger,VEND-6069,Priya Kumar,Priya Kumar,2.13448E+11,KKBK0459169,,2258.292,INR,BANK_TRANSFER,IMPS,refund,2026-06-27 16:50:00,2026-06-27,leak_batch_013-0222-bank,leak_batch_013-0222-approval,leak_batch_013-0222-idemp,Generated leakage training batch LEAK_BATCH_013,HHVEI7112W,9701
TENANT_001,Razorpay,LEAK_BATCH_013__94ea3580,LEAK_BATCH_013_PAY_0223,INV-11093,VOUCH-11093,Operating_Ledger,VEND-6093,Anjali Joshi,Anjali Joshi,,,anjali.joshi61@okaxis,2602.708,INR,UPI,UPI,salary,2026-06-27 10:10:00,2026-06-27,leak_batch_013-0223-bank,leak_batch_013-0223-approval,leak_batch_013-0223-idemp,Generated leakage training batch LEAK_BATCH_013,ZOLVD3862Z,7131
TENANT_001,Razorpay,LEAK_BATCH_013__94ea3580,LEAK_BATCH_013_PAY_0224,INV-10312,VOUCH-10312,Operating_Ledger,VEND-5312,Rahul Verma,Rahul Verma,,,rahul.verma43@okaxis,553.581,INR,UPI,UPI,refund,2026-06-27 12:50:00,2026-06-27,leak_batch_013-0224-bank,leak_batch_013-0224-approval,leak_batch_013-0224-idemp,Generated leakage training batch LEAK_BATCH_013,KNNQW0107O,4538
TENANT_001,Razorpay,LEAK_BATCH_013__94ea3580,LEAK_BATCH_013_PAY_0225,INV-10011,VOUCH-10011,Operating_Ledger,VEND-5011,Rohan Nair,Rohan Nair,58388782955,KKBK0413677,,1411.373,INR,BANK_TRANSFER,IMPS,refund,2026-06-27 10:50:00,2026-06-27,leak_batch_013-0225-bank,leak_batch_013-0225-approval,leak_batch_013-0225-idemp,Generated leakage training batch LEAK_BATCH_013,QTVXY6665U,7126
TENANT_001,Razorpay,LEAK_BATCH_013__94ea3580,LEAK_BATCH_013_PAY_0226,INV-10447,VOUCH-10447,Operating_Ledger,VEND-5447,Amit Gupta,Amit Gupta,5.95527E+11,ICIC0551229,,2483.503,INR,BANK_TRANSFER,IMPS,payout,2026-06-27 17:30:00,2026-06-27,leak_batch_013-0226-bank,leak_batch_013-0226-approval,leak_batch_013-0226-idemp,Generated leakage training batch LEAK_BATCH_013,OLNUH8900R,3439
TENANT_001,Razorpay,LEAK_BATCH_013__94ea3580,LEAK_BATCH_013_PAY_0227,INV-10410,VOUCH-10410,Operating_Ledger,VEND-5410,Sanjay Gupta,Sanjay Gupta,,,sanjay.gupta15@okaxis,1038.342,INR,UPI,UPI,refund,2026-06-27 15:00:00,2026-06-27,leak_batch_013-0227-bank,leak_batch_013-0227-approval,leak_batch_013-0227-idemp,Generated leakage training batch LEAK_BATCH_013,LUIZR5778J,6079
TENANT_001,Razorpay,LEAK_BATCH_013__94ea3580,LEAK_BATCH_013_PAY_0228,INV-10799,VOUCH-10799,Operating_Ledger,VEND-5799,Anjali Nair,Anjali Nair,,,anjali.nair68@okaxis,2344.399,INR,UPI,UPI,cashback,2026-06-27 17:50:00,2026-06-27,leak_batch_013-0228-bank,leak_batch_013-0228-approval,leak_batch_013-0228-idemp,Generated leakage training batch LEAK_BATCH_013,PDJAV4367M,9849
TENANT_001,Razorpay,LEAK_BATCH_013__94ea3580,LEAK_BATCH_013_PAY_0229,INV-10317,VOUCH-10317,Operating_Ledger,VEND-5317,Anjali Reddy,Anjali Reddy,,,anjali.reddy20@okaxis,3073.628,INR,UPI,UPI,refund,2026-06-27 18:50:00,2026-06-27,leak_batch_013-0229-bank,leak_batch_013-0229-approval,leak_batch_013-0229-idemp,Generated leakage training batch LEAK_BATCH_013,XQRHA8736G,9434
TENANT_001,Razorpay,LEAK_BATCH_013__94ea3580,LEAK_BATCH_013_PAY_0230,INV-10597,VOUCH-10597,Operating_Ledger,VEND-5597,Deepak Singh,Deepak Singh,,,deepak.singh58@okaxis,4621.352,INR,UPI,UPI,refund,2026-06-27 16:00:00,2026-06-27,leak_batch_013-0230-bank,leak_batch_013-0230-approval,leak_batch_013-0230-idemp,Generated leakage training batch LEAK_BATCH_013,JBKAS9881X,4953
TENANT_001,Razorpay,LEAK_BATCH_013__94ea3580,LEAK_BATCH_013_PAY_0231,INV-10230,VOUCH-10230,Operating_Ledger,VEND-5230,Deepak Reddy,Deepak Reddy,,,deepak.reddy97@okaxis,2126.882,INR,UPI,UPI,cashback,2026-06-27 10:10:00,2026-06-27,leak_batch_013-0231-bank,leak_batch_013-0231-approval,leak_batch_013-0231-idemp,Generated leakage training batch LEAK_BATCH_013,TSFNC3249H,1274
TENANT_001,Razorpay,LEAK_BATCH_013__94ea3580,LEAK_BATCH_013_PAY_0232,INV-11959,VOUCH-11959,Operating_Ledger,VEND-6959,Neha Joshi,Neha Joshi,,,neha.joshi76@okaxis,2976.57,INR,UPI,UPI,payout,2026-06-27 11:20:00,2026-06-27,leak_batch_013-0232-bank,leak_batch_013-0232-approval,leak_batch_013-0232-idemp,Generated leakage training batch LEAK_BATCH_013,RGROO9851E,8217
TENANT_001,Razorpay,LEAK_BATCH_013__94ea3580,LEAK_BATCH_013_PAY_0233,INV-10183,VOUCH-10183,Operating_Ledger,VEND-5183,Rahul Kumar,Rahul Kumar,,,rahul.kumar96@okaxis,1300.741,INR,UPI,UPI,salary,2026-06-27 10:50:00,2026-06-27,leak_batch_013-0233-bank,leak_batch_013-0233-approval,leak_batch_013-0233-idemp,Generated leakage training batch LEAK_BATCH_013,XPNEZ1275E,7312
TENANT_001,Razorpay,LEAK_BATCH_013__94ea3580,LEAK_BATCH_013_PAY_0234,INV-11382,VOUCH-11382,Operating_Ledger,VEND-6382,Priya Singh,Priya Singh,,,priya.singh97@okaxis,1690.947,INR,UPI,UPI,payout,2026-06-27 11:40:00,2026-06-27,leak_batch_013-0234-bank,leak_batch_013-0234-approval,leak_batch_013-0234-idemp,Generated leakage training batch LEAK_BATCH_013,KWYQY7046N,5546
